transaction_id,account_id,amount,date
100001,A0190,3353.43,2024-11-05
100002,A0189,1284.93,2024-10-14
100003,A0140,3548.85,2024-10-12
100004,A0008,3096.88,2024-10-12
101601,A0042,2292.69,2024-12-31
100005,A0155,1147.29,2024-10-04
100006,A0167,2943.54,2024-12-29
100007,A0115,2858.06,2024-12-15
100008,A0002,1459.52,2024-10-21
100009,A0072,3661.26,2024-10-20
100010,A0087,1129.86,2024-10-14
100011,A0092,487.25,2024-11-14
100012,A0012,3166.26,2024-11-28
100013,A0237,2812.37,2024-11-18
100014,A0213,414.13,2024-12-20
100015,A0093,3243.82,2024-12-13
100016,A0012,1009.14,2024-12-24
100017,A0021,1195.84,2024-10-30
100018,A0072,4543.86,2024-11-28
100019,A0042,3333.81,2024-11-17
100020,A0069,1863.64,2024-12-29
100021,A0019,4911.76,2024-12-17
100022,A0187,3330.11,2024-11-01
100023,A0070,857.69,2024-12-21
100024,A0176,3608.95,2024-11-11
100025,A0015,4419.97,2024-10-30
100026,A0081,-4309.61,2024-11-21
100027,A0234,1404.73,2024-12-12
100028,A0055,4595.69,2024-12-23
100029,A0235,2618.40,2024-12-22
100030,A0036,2406.70,2024-11-01
100031,A0068,3906.88,2024-12-14
100032,A0103,2247.22,2024-11-16
100033,A0036,1150.87,2024-12-05
100034,A0013,2588.44,2024-10-15
100035,A0203,802.32,2024-12-27
100036,A0099,2214.33,2024-11-18
100037,A0136,3125.17,2024-11-02
100038,A0003,2901.49,2024-12-27
100039,A0227,3779.65,2024-12-08
100040,A0165,3937.76,2024-11-13
100041,A0041,585.85,2024-11-28
100042,A0225,18.01,2024-11-03
100043,A0130,2625.51,2024-10-14
100044,A0216,4565.02,2024-12-21
100045,A0040,2662.61,2024-11-17
100046,A0245,3998.75,2024-12-07
100047,A0083,,2024-12-02
100048,A0093,103.11,2024-11-09
100049,A0225,1256.41,2024-12-12
100050,A0188,4965.74,2024-12-02
100051,A0195,4279.31,2024-12-08
100052,A0169,4016.17,2024-11-30
100053,A0068,4965.21,2024-12-07
100054,A0247,4575.06,2024-10-28
100055,A0187,4871.18,2024-12-28
100056,A0103,1055.61,2024-12-25
100057,A0231,3408.23,2024-12-06
100058,A0058,2368.08,2024-10-09
100059,A0142,-1773.54,2024-10-30
100060,A0019,3086.12,2024-12-30
100061,A0018,3309.79,2024-10-05
100062,A0132,4507.96,2024-10-31
100063,A0055,1461.02,2024-12-09
100064,A0226,694.69,2024-12-13
100065,A0201,3022.00,2024-11-30
100066,A0025,4234.60,2024-10-13
100067,A0109,3455.96,2024-11-22
100068,A0014,2449.55,2024-12-26
100069,A0026,3426.98,2024-10-08
100070,A0205,2111.89,2024-10-14
100071,A0138,1304.67,2024-11-27
100072,A0072,735.95,2024-11-29
100073,A0020,1310.70,2024-11-26
100074,A0141,4237.36,2024-10-13
100075,A0139,266.22,2024-10-02
100076,A0218,489.96,2024-10-31
100077,A0124,872.94,2024-10-28
100078,A0016,4534.25,2024-10-22
100079,A0100,,2024-11-03
100080,A0117,4858.62,2024-11-06
100081,A0188,2218.77,2024-12-11
100082,A0040,3471.11,2024-10-25
100083,A0015,1556.60,2024-12-14
100084,A0192,3858.38,2024-11-10
100085,A0123,300.71,2024-12-04
100086,A0041,4821.23,2024-10-08
100087,A0048,2663.48,2024-10-09
100088,A0221,3120.69,2024-10-31
100089,A0228,2117.94,2024-12-12
100090,A0011,1291.87,2024-12-19
100091,A0150,430.82,2024-12-12
100092,A0067,2741.88,2024-10-27
100093,A0062,3512.29,2024-11-03
100094,A0166,2076.05,2024-11-08
100095,A0193,2398.17,2024-10-10
100096,A0145,49.83,2024-10-13
100097,A0130,385.09,2024-11-03
100098,A0226,695.45,2024-10-09
100099,A0073,4610.90,2024-10-21
100100,A0181,2298.34,2024-11-08
100101,A0207,3207.95,2024-12-23
100102,A0210,,2024-12-10
100103,A0027,1570.60,2024-10-18
100104,A0028,1387.56,2024-12-10
100105,A0155,815.99,2024-10-27
100106,A0176,3763.35,2024-12-21
100107,A0126,4472.71,2024-11-02
100108,A0014,4747.57,2024-10-12
100109,A0071,3326.47,2024-10-06
100110,A0034,19.58,2024-12-21
100111,A0114,1374.40,2024-12-10
100112,A0003,3700.72,2024-10-15
100113,A0177,395.49,2024-10-20
100114,A0095,-2861.46,2024-12-14
100115,A0033,2897.82,2024-10-06
100116,A0239,1617.16,2024-10-06
100117,A0175,4713.95,2024-11-01
100118,A0200,3497.65,2024-12-11
100119,A0250,4636.41,2024-12-19
100120,A0239,3930.42,2024-10-31
100121,A0205,4534.02,2024-10-23
100122,A0046,4622.15,2024-11-12
100123,A0206,4102.95,2024-12-25
100124,A0064,4531.18,2024-11-04
100125,A0028,835.65,2024-11-18
100126,A0121,-4573.66,2024-10-29
100127,A0118,1047.33,2024-11-14
100128,A0224,1601.07,2024-10-30
100129,A0050,-1169.76,2024-11-21
100130,A0018,1722.03,2024-11-05
103727,A0113,2327.83,2024-10-02
100131,A0103,1842.01,2024-12-26
100132,A0241,4424.21,2024-10-04
100133,A0067,605.72,2024-10-23
100134,A0068,3044.96,2024-10-05
100135,A0089,569.34,2024-11-10
100136,A0131,2288.96,2024-10-15
100137,A0049,2020.53,2024-11-02
100138,A0001,233.71,2024-12-06
100139,A0176,4853.67,2024-12-25
100140,A0018,1034.03,2024-12-25
100141,A0081,4828.49,2024-12-24
100142,A0231,4447.04,2024-11-08
100143,A0105,2659.78,2024-11-11
100144,A0142,2110.73,2024-10-17
100145,A0241,1006.79,2024-11-18
100146,A0045,3552.09,2024-12-18
100147,A0141,2984.75,2024-10-01
100148,A0111,1594.17,2024-12-14
100149,A0120,3181.65,2024-11-26
100150,A0131,2319.19,2024-11-30
100151,A0204,4162.45,2024-10-22
100152,A0132,3455.27,2024-12-24
100153,A0024,3319.43,2024-10-31
100154,A0207,3528.38,2024-10-26
100155,A0063,-773.55,2024-11-30
100156,A0019,3205.83,2024-11-28
100157,A0148,2173.86,2024-10-25
100158,A0127,3767.20,2024-11-21
100159,A0177,1280.18,2024-10-01
100160,A0198,4681.10,2024-10-14
100161,A0046,4082.16,2024-12-29
100162,A0143,2716.59,2024-11-01
100163,A0117,4811.18,2024-10-18
100164,A0136,4202.73,2024-12-11
100165,A0194,3122.88,2024-11-26
100166,A0229,3213.06,2024-12-04
100167,A0141,2238.35,2024-11-27
100168,A0221,4704.95,2024-11-30
100169,A0064,2360.66,2024-12-21
100170,A0134,1454.91,2024-12-02
100171,A0113,3286.96,2024-10-10
100172,A0070,3742.03,2024-11-12
100173,A0021,1677.19,2024-10-18
100174,A0178,791.78,2024-10-20
100175,A0107,3704.67,2024-11-22
100176,A0107,1735.77,2024-10-08
100177,A0100,1085.40,2024-12-14
100178,A0220,4961.08,2024-12-13
100179,A0242,1995.29,2024-11-15
100180,A0219,1566.59,2024-11-23
100181,A0140,2822.82,2024-12-17
100182,A0057,4708.11,2024-11-04
100183,A0100,2286.03,2024-11-13
100184,A0104,3507.82,2024-10-22
100185,A0033,4407.67,2024-12-19
100186,A0101,-2801.34,2024-12-15
100187,A0022,2960.03,2024-12-22
100188,A0119,2248.16,2024-10-24
100189,A0084,264.63,2024-10-28
100190,A0195,2384.93,2024-11-18
100191,A0213,1459.86,2024-11-23
100192,A0121,1323.62,2024-10-03
100193,A0244,3928.04,2024-11-14
100194,A0200,1176.56,2024-12-23
104702,A0157,3587.43,2024-10-16
100195,A0244,212.06,2024-11-01
100196,A0160,1046.22,2024-10-20
100197,A0172,1251.66,2024-10-15
100198,A0120,2957.82,2024-12-29
100199,A0043,1344.45,2024-12-17
100200,A0184,3184.72,2024-10-15
100201,A0247,4078.86,2024-11-09
100202,A0238,567.74,2024-11-09
100203,A0246,3019.83,2024-11-18
100204,A0051,2080.61,2024-10-10
100205,A0161,3105.29,2024-11-01
100206,A0078,535.25,2024-12-27
100207,A0204,3148.88,2024-12-12
100208,A0137,4104.26,2024-11-24
100209,A0130,3469.27,2024-12-22
100210,A0108,,2024-12-02
100211,A0093,554.32,2024-12-21
100212,A0182,4675.42,2024-10-20
100213,A0134,2284.20,2024-12-23
100214,A0236,1417.00,2024-12-08
100215,A0112,4062.35,2024-12-15
100216,A0063,1408.16,2024-10-12
100217,A0063,1463.38,2024-11-29
100218,A0098,2988.65,2024-11-13
100219,A0084,151.47,2024-10-24
100220,A0205,2557.16,2024-11-03
100221,A0153,1785.35,2024-12-29
100222,A0003,4615.29,2024-12-06
100223,A0062,4971.57,2024-11-22
100224,A0062,2562.55,2024-12-28
100225,A0126,2497.09,2024-11-27
100226,A0076,,2024-10-29
100227,A0079,2121.22,2024-12-24
100228,A0142,3050.02,2024-12-07
100229,A0191,1803.27,2024-12-10
100230,A0117,1735.29,2024-11-04
100231,A0031,1608.58,2024-10-25
100232,A0138,1655.38,2024-12-28
100233,A0190,971.71,2024-12-01
100234,A0195,1450.65,2024-12-07
100235,A0026,3129.90,2024-10-25
100236,A0046,1554.18,2024-11-08
100237,A0033,75.17,2024-11-05
100238,A0142,239.63,2024-11-07
100239,A0164,3657.47,2024-12-02
100240,A0147,538.85,2024-11-06
100241,A0088,2461.99,2024-10-24
100242,A0221,270.36,2024-12-01
100243,A0103,599.14,2024-12-02
100244,A0176,389.40,2024-10-07
100245,A0145,796.48,2024-11-08
100246,A0031,447.59,2024-12-11
100247,A0153,4008.88,2024-12-19
100248,A0098,1184.25,2024-11-27
100249,A0221,4764.17,2024-12-15
100250,A0159,2249.30,2024-10-08
100251,A0026,3197.22,2024-10-27
100252,A0170,3280.50,2024-10-11
100253,A0142,824.43,2024-10-10
100254,A0116,,2024-12-28
100255,A0009,3114.28,2024-10-30
100256,A0180,1511.49,2024-11-28
100257,A0237,374.18,2024-11-03
100258,A0151,4131.48,2024-12-24
100259,A0109,4215.78,2024-10-15
100260,A0039,2856.07,2024-11-04
100261,A0016,4334.92,2024-10-22
100262,A0192,4156.65,2024-12-12
100263,A0032,4830.70,2024-11-29
100264,A0104,3611.65,2024-11-04
100265,A0113,2624.91,2024-10-11
100266,A0111,-3136.43,2024-11-11
100267,A0024,3166.19,2024-10-30
100268,A0148,3536.26,2024-12-15
100269,A0196,-4985.85,2024-12-26
100270,A0011,4307.61,2024-10-23
100271,A0114,2467.77,2024-11-05
100272,A0112,952.52,2024-12-21
100273,A0024,4269.98,2024-11-30
100274,A0083,1825.31,2024-12-25
100275,A0085,549.40,2024-11-22
100276,A0170,3637.84,2024-11-21
100277,A0010,4266.42,2024-11-28
100278,A0083,462.68,2024-10-15
100279,A0132,4051.37,2024-10-01
100280,A0119,3449.03,2024-11-22
100281,A0093,285.18,2024-12-19
100282,A0114,3966.94,2024-10-07
100283,A0034,1068.23,2024-11-06
100284,A0125,2297.99,2024-10-16
100285,A0156,152.35,2024-10-31
100286,A0142,3722.30,2024-10-02
100287,A0058,2896.38,2024-10-15
100288,A0166,2420.31,2024-10-20
100289,A0075,2613.92,2024-12-05
100290,A0214,3699.38,2024-12-01
100291,A0142,2476.79,2024-10-19
100292,A0154,2012.09,2024-12-05
100293,A0222,3913.72,2024-10-09
100294,A0219,1449.33,2024-11-23
100295,A0130,1782.92,2024-11-04
100296,A0186,,2024-11-08
100297,A0169,4391.78,2024-12-02
104104,A0222,2993.34,2024-10-21
100298,A0138,4537.45,2024-12-01
100299,A0196,1810.44,2024-12-09
100300,A0083,1978.66,2024-10-25
100301,A0099,3657.90,2024-10-30
100302,A0012,4488.97,2024-11-10
100303,A0234,3905.39,2024-11-18
100304,A0203,2025.16,2024-12-23
100305,A0010,798.46,2024-10-17
100306,A0085,2634.45,2024-10-13
100307,A0026,4584.27,2024-12-07
100308,A0185,4774.33,2024-10-19
100309,A0249,2150.46,2024-10-20
100310,A0249,393.31,2024-11-03
100311,A0102,1776.03,2024-12-23
100312,A0219,422.08,2024-12-26
100313,A0245,4506.42,2024-11-10
100314,A0195,3287.23,2024-12-02
100315,A0159,4574.79,2024-10-09
100316,A0236,1231.87,2024-11-06
100317,A0112,1193.68,2024-10-13
100318,A0224,3987.52,2024-10-13
100319,A0077,2327.15,2024-10-04
100320,A0015,242.12,2024-11-07
100321,A0038,1880.38,2024-11-01
100322,A0175,2785.84,2024-10-24
100323,A0157,892.20,2024-11-18
100324,A0128,3250.06,2024-12-14
100325,A0164,751.34,2024-11-02
100326,A0003,2410.47,2024-11-29
100327,A0140,4725.93,2024-10-21
100328,A0089,388.24,2024-12-15
100329,A0109,1569.42,2024-12-28
100330,A0078,1312.23,2024-10-26
100331,A0028,2017.90,2024-10-31
100332,A0148,2000.44,2024-11-07
100333,A0213,3667.23,2024-12-24
100334,A0145,2076.16,2024-12-27
100335,A0013,4081.59,2024-12-17
100336,A0232,3907.84,2024-11-06
100337,A0156,4068.11,2024-11-15
100338,A0159,1149.21,2024-11-02
100339,A0197,3554.43,2024-12-24
100340,A0161,3570.64,2024-10-13
100341,A0011,4737.43,2024-11-09
100342,A0149,4135.59,2024-11-16
100343,A0233,3840.67,2024-11-07
100344,A0045,1713.94,2024-10-26
100345,A0225,693.89,2024-11-16
100346,A0070,2784.19,2024-10-22
100347,A0242,1348.26,2024-12-01
100348,A0223,4229.32,2024-11-13
100349,A0247,4217.49,2024-10-10
100350,A0058,738.97,2024-12-26
100351,A0102,3797.98,2024-12-11
100352,A0102,1918.71,2024-10-02
100353,A0117,1387.52,2024-11-17
100354,A0068,3528.55,2024-12-14
100355,A0241,1998.67,2024-11-17
100356,A0121,569.04,2024-10-04
100357,A0144,3249.20,2024-11-11
100358,A0166,4799.57,2024-10-09
100359,A0233,3332.34,2024-12-29
100360,A0030,1585.34,2024-10-18
100361,A0078,238.74,2024-12-03
100362,A0228,609.80,2024-12-08
100363,A0095,712.27,2024-12-25
100364,A0243,4978.48,2024-12-09
100365,A0187,2198.43,2024-10-20
100366,A0026,4643.11,2024-12-02
100367,A0244,3228.79,2024-11-05
100368,A0056,172.52,2024-11-26
100369,A0219,2332.48,2024-11-16
100370,A0095,521.90,2024-12-09
100371,A0092,4728.48,2024-10-08
100372,A0248,2088.39,2024-10-16
100373,A0117,4976.54,2024-10-12
100374,A0164,3475.81,2024-12-16
100375,A0086,112.97,2024-11-01
100376,A0053,661.20,2024-10-09
100377,A0054,4351.63,2024-12-15
100378,A0060,1133.20,2024-11-12
100379,A0231,4060.92,2024-12-16
100380,A0038,15.86,2024-10-17
100381,A0045,2833.28,2024-10-15
100382,A0034,3466.84,2024-10-02
100383,A0061,1879.22,2024-12-15
100384,A0068,,2024-10-07
100385,A0135,665.57,2024-10-15
100386,A0115,3910.43,2024-11-16
100387,A0116,2691.84,2024-12-04
100388,A0012,1162.55,2024-12-24
100389,A0165,2734.90,2024-10-04
100390,A0217,319.90,2024-11-21
100391,A0126,2235.90,2024-12-31
100392,A0231,4770.45,2024-10-11
100393,A0017,1689.79,2024-10-17
100394,A0150,1442.87,2024-12-10
100395,A0153,3734.73,2024-12-07
100396,A0155,1547.11,2024-11-25
100397,A0030,520.98,2024-12-23
100398,A0142,3413.67,2024-10-28
100399,A0059,2255.80,2024-11-22
100400,A0103,1777.97,2024-11-23
100401,A0110,3826.27,2024-11-10
100402,A0245,3488.08,2024-10-20
100403,A0018,3601.92,2024-10-12
100404,A0111,4361.88,2024-10-13
100405,A0208,3904.79,2024-10-17
100406,A0245,2917.98,2024-12-11
100407,A0032,2945.83,2024-11-22
100408,A0241,1854.87,2024-11-24
100409,A0014,4552.30,2024-11-06
100410,A0027,3148.87,2024-12-13
100411,A0169,2661.30,2024-12-01
100412,A0090,1176.68,2024-12-11
100413,A0072,1928.07,2024-12-13
100414,A0217,1186.72,2024-12-11
100415,A0158,4024.55,2024-12-26
100416,A0156,3370.59,2024-12-24
100417,A0008,4349.76,2024-10-24
100418,A0080,1433.72,2024-11-13
100419,A0223,,2024-10-19
100420,A0018,2970.15,2024-10-19
100421,A0008,3885.81,2024-10-12
100422,A0097,3912.77,2024-11-23
100423,A0095,2379.41,2024-11-09
100424,A0242,3784.24,2024-12-12
100425,A0014,3126.92,2024-10-20
100426,A0013,826.28,2024-12-26
100427,A0170,428.72,2024-11-24
100428,A0107,2547.26,2024-11-04
100429,A0030,1131.20,2024-11-14
100430,A0174,2254.98,2024-12-26
100431,A0171,3110.73,2024-11-09
100432,A0154,239.11,2024-10-08
100433,A0243,41.30,2024-10-28
100434,A0066,4024.12,2024-11-07
100435,A0128,1721.30,2024-11-25
100436,A0137,922.14,2024-12-30
100437,A0214,1207.44,2024-12-25
100438,A0102,4227.81,2024-10-06
100439,A0236,,2024-10-10
100440,A0110,4520.93,2024-12-13
100441,A0107,2121.34,2024-11-07
100442,A0248,604.84,2024-11-11
100443,A0159,902.11,2024-11-28
100444,A0093,4363.21,2024-10-12
100445,A0063,2290.62,2024-11-25
100446,A0021,3088.38,2024-11-20
100447,A0087,4565.05,2024-10-29
100448,A0020,1747.23,2024-12-05
100449,A0131,3320.92,2024-10-25
100450,A0090,4750.64,2024-12-22
100451,A0027,4274.14,2024-10-19
100452,A0155,1343.01,2024-10-20
100453,A0020,3986.71,2024-10-23
100454,A0127,4988.51,2024-11-29
100455,A0149,3956.46,2024-11-27
100456,A0145,3572.10,2024-12-22
100457,A0083,3331.79,2024-12-20
100458,A0018,1658.47,2024-11-30
100459,A0204,2319.44,2024-11-05
100460,A0130,3101.74,2024-10-10
100461,A0010,1628.43,2024-10-08
100462,A0020,1934.24,2024-12-22
100463,A0024,4532.15,2024-12-18
100464,A0119,3115.68,2024-12-14
100465,A0190,2907.21,2024-10-06
100466,A0147,2358.89,2024-12-23
100467,A0122,987.91,2024-12-04
100468,A0116,791.94,2024-10-14
100469,A0088,4252.80,2024-12-31
100470,A0045,443.12,2024-10-06
100471,A0113,1299.89,2024-12-07
100472,A0094,2741.70,2024-11-17
100473,A0105,4813.63,2024-11-13
100474,A0203,3560.37,2024-12-20
100475,A0085,3394.74,2024-10-13
100476,A0073,2926.33,2024-11-02
100477,A0247,3795.44,2024-12-17
100478,A0021,4579.50,2024-12-14
100479,A0090,3480.23,2024-11-09
100480,A0101,3440.61,2024-10-17
100481,A0022,3120.72,2024-11-09
100482,A0203,2931.36,2024-11-12
100483,A0180,4264.43,2024-12-27
100484,A0166,4784.85,2024-12-25
100485,A0005,2220.86,2024-11-16
100486,A0055,1620.34,2024-11-13
100487,A0050,4969.51,2024-10-29
100488,A0076,722.23,2024-10-13
100489,A0214,2662.75,2024-12-07
100490,A0225,198.90,2024-12-19
100491,A0040,688.07,2024-10-21
100492,A0198,949.15,2024-12-19
100493,A0185,4242.71,2024-11-26
100494,A0174,230.07,2024-10-31
100495,A0193,2329.88,2024-11-27
100496,A0080,1227.84,2024-11-30
100497,A0095,4740.42,2024-12-26
100498,A0113,4966.68,2024-11-29
100499,A0098,4035.07,2024-12-04
100500,A0042,2766.40,2024-10-26
100501,A0224,4201.90,2024-11-02
100502,A0224,274.57,2024-11-17
100503,A0183,2908.39,2024-12-06
100504,A0022,4463.56,2024-10-21
100505,A0132,1431.21,2024-10-19
100506,A0243,4358.07,2024-10-29
100507,A0090,4282.87,2024-10-04
100508,A0129,2176.25,2024-11-17
100509,A0021,1237.15,2024-11-17
100510,A0239,-1178.22,2024-10-13
100511,A0086,4400.70,2024-10-19
100512,A0235,-722.41,2024-11-30
100513,A0195,3650.42,2024-12-30
100514,A0002,2460.48,2024-10-11
100515,A0214,100.63,2024-10-20
100516,A0156,2878.31,2024-12-07
100517,A0074,2220.07,2024-10-31
100518,A0062,1579.89,2024-11-23
100519,A0118,3350.94,2024-10-09
100520,A0128,582.21,2024-12-16
100521,A0132,,2024-12-13
100522,A0075,1269.45,2024-11-24
100523,A0062,9.20,2024-12-13
100524,A0172,2185.01,2024-10-11
100525,A0018,2745.56,2024-12-07
100526,A0130,2853.55,2024-12-10
100527,A0121,107.61,2024-10-06
100528,A0096,3333.74,2024-11-02
100529,A0202,,2024-10-09
100530,A0169,1808.75,2024-12-20
100531,A0189,544.49,2024-11-12
100532,A0140,700.45,2024-11-13
100533,A0213,4266.12,2024-12-27
100534,A0123,2436.96,2024-12-20
100535,A0017,956.66,2024-12-31
100536,A0010,4070.47,2024-11-07
100537,A0052,1057.91,2024-10-06
100538,A0132,1655.63,2024-11-20
100539,A0065,4276.07,2024-10-05
100540,A0074,3950.41,2024-11-15
100541,A0222,4521.08,2024-12-23
100542,A0205,1741.24,2024-11-17
100543,A0191,2291.88,2024-11-26
100544,A0087,4691.47,2024-10-24
100545,A0095,2602.53,2024-12-06
100546,A0187,1399.38,2024-11-24
100547,A0211,414.80,2024-10-24
100548,A0027,2860.85,2024-10-11
100549,A0079,1720.24,2024-11-27
101376,A0019,4164.97,2024-12-13
100550,A0043,3160.47,2024-12-28
100551,A0011,2328.35,2024-11-15
100552,A0071,3224.59,2024-12-21
100553,A0020,4150.62,2024-12-25
100554,A0132,3343.40,2024-12-26
100555,A0037,839.79,2024-12-17
100556,A0009,3556.13,2024-10-17
100557,A0166,353.49,2024-11-16
100558,A0146,1899.71,2024-10-05
100559,A0116,3173.43,2024-11-17
100560,A0020,1951.42,2024-12-13
100561,A0102,722.91,2024-11-10
100562,A0246,3406.56,2024-10-15
100563,A0128,136.86,2024-12-06
100564,A0031,2029.92,2024-11-03
100565,A0115,4064.04,2024-10-28
100566,A0235,3208.99,2024-12-02
100567,A0219,1050.51,2024-10-10
100568,A0183,2371.00,2024-11-26
100569,A0248,461.27,2024-11-10
100570,A0017,3502.40,2024-12-10
100571,A0077,2843.53,2024-10-21
100572,A0180,3732.92,2024-12-21
100573,A0131,913.73,2024-10-29
100574,A0203,637.28,2024-10-18
100575,A0007,1242.17,2024-11-16
100576,A0120,2905.66,2024-12-10
100577,A0023,681.37,2024-10-09
100578,A0184,1622.57,2024-12-01
100579,A0105,2757.15,2024-12-13
100580,A0082,387.66,2024-12-22
100581,A0175,389.83,2024-12-06
100582,A0213,1807.24,2024-12-10
100583,A0197,3355.36,2024-10-17
100584,A0223,2269.16,2024-10-08
100585,A0040,4359.88,2024-11-08
100586,A0240,864.27,2024-12-30
100587,A0241,1183.11,2024-12-06
100588,A0021,4692.98,2024-11-02
100589,A0142,1030.18,2024-11-05
100590,A0158,657.25,2024-12-08
100591,A0044,490.83,2024-12-15
100592,A0044,4937.73,2024-12-24
100593,A0155,3275.06,2024-11-13
100594,A0011,4418.28,2024-10-04
100595,A0165,426.84,2024-12-13
100596,A0197,1388.55,2024-12-13
100597,A0008,2185.11,2024-12-03
100598,A0075,4661.90,2024-12-22
100466,A0147,2358.89,2024-12-23
100599,A0207,1584.84,2024-12-27
100600,A0019,2130.09,2024-12-28
100601,A0107,315.11,2024-12-01
100602,A0156,2436.01,2024-10-19
100603,A0082,1639.83,2024-11-14
100604,A0095,2091.42,2024-12-05
100605,A0062,2945.66,2024-11-29
100606,A0064,643.36,2024-10-19
100607,A0243,508.57,2024-11-19
100608,A0064,4531.70,2024-10-21
100609,A0148,4265.96,2024-11-10
100610,A0128,996.27,2024-12-05
100611,A0079,2448.45,2024-12-03
100612,A0101,122.51,2024-12-04
100613,A0056,2398.20,2024-12-14
100614,A0073,1851.18,2024-12-03
100615,A0168,3133.71,2024-12-26
100616,A0003,2468.23,2024-10-14
100617,A0068,2260.30,2024-11-16
100618,A0012,4005.80,2024-11-21
100619,A0050,269.21,2024-11-16
100620,A0099,2901.48,2024-12-04
100621,A0072,2362.15,2024-12-19
100622,A0033,3568.24,2024-10-13
100623,A0087,2066.18,2024-12-11
100624,A0037,4923.79,2024-10-26
100625,A0129,3159.64,2024-10-06
100626,A0183,-238.52,2024-11-12
100627,A0117,4216.09,2024-10-20
100628,A0036,3179.55,2024-11-11
100629,A0042,4884.05,2024-11-20
100630,A0077,3233.23,2024-12-15
100631,A0131,1764.56,2024-12-08
100632,A0077,2569.20,2024-11-30
100633,A0085,,2024-12-26
100634,A0150,575.64,2024-11-09
100635,A0224,4178.28,2024-12-28
100636,A0122,-3300.13,2024-11-03
100637,A0199,3438.18,2024-12-14
100638,A0014,3029.46,2024-12-14
100639,A0162,2519.93,2024-12-19
100640,A0038,4062.16,2024-12-27
100641,A0243,-1270.80,2024-12-29
100642,A0113,577.16,2024-11-10
100643,A0177,2196.61,2024-10-27
100644,A0157,2152.55,2024-11-30
100645,A0187,4577.07,2024-10-08
100646,A0054,3701.29,2024-12-11
100647,A0123,1705.19,2024-12-07
100648,A0045,1976.64,2024-11-28
100649,A0140,4783.15,2024-11-15
100650,A0185,3544.49,2024-12-27
100651,A0068,3373.79,2024-12-18
100652,A0064,2539.49,2024-11-05
100653,A0242,2926.98,2024-11-08
100654,A0054,4044.17,2024-12-28
100655,A0123,3697.16,2024-11-14
100656,A0204,2939.56,2024-11-05
100657,A0174,1509.84,2024-12-09
100658,A0102,1991.69,2024-11-14
100659,A0075,4054.08,2024-10-06
100660,A0021,1509.01,2024-11-14
100661,A0066,4845.47,2024-12-01
100662,A0138,1122.90,2024-11-04
100663,A0070,4892.73,2024-10-18
100664,A0151,573.66,2024-10-31
100665,A0232,1272.17,2024-12-07
100666,A0014,1184.16,2024-10-13
100667,A0121,2167.88,2024-10-13
100668,A0002,3572.40,2024-12-10
100669,A0168,4872.15,2024-11-30
100670,A0194,2504.20,2024-11-06
100671,A0016,1684.84,2024-10-12
100672,A0137,3420.92,2024-10-05
100673,A0107,4788.95,2024-10-23
100674,A0215,4897.44,2024-11-20
100675,A0240,4132.18,2024-11-07
100676,A0077,-4597.65,2024-12-12
100677,A0086,3161.31,2024-11-06
100678,A0140,2383.09,2024-12-07
100679,A0035,2590.52,2024-12-04
100680,A0208,2454.77,2024-10-15
100681,A0118,1734.73,2024-12-22
100682,A0004,1349.80,2024-11-13
100683,A0173,4146.89,2024-10-25
100684,A0164,921.09,2024-11-21
100685,A0084,4336.80,2024-10-12
100686,A0048,2102.52,2024-10-18
100687,A0064,2504.23,2024-10-01
100688,A0115,1368.26,2024-11-04
100689,A0186,1729.18,2024-12-13
100690,A0093,60.95,2024-12-28
100691,A0031,1239.90,2024-11-29
100692,A0176,1609.54,2024-12-04
100693,A0181,4840.73,2024-11-09
100694,A0235,3620.10,2024-11-07
100695,A0057,1927.98,2024-10-18
100696,A0192,2508.05,2024-12-17
100697,A0141,1959.87,2024-11-30
100698,A0171,3971.69,2024-10-28
100699,A0194,3995.33,2024-12-16
100700,A0135,4578.74,2024-11-27
100701,A0020,2770.14,2024-12-12
100702,A0141,589.29,2024-12-04
100703,A0039,1060.88,2024-10-22
100704,A0114,1721.28,2024-10-15
100705,A0150,3567.70,2024-12-02
100706,A0115,477.79,2024-10-08
100707,A0107,2378.29,2024-11-28
100708,A0119,2957.51,2024-12-26
100709,A0006,4231.56,2024-11-20
100710,A0191,1335.08,2024-10-28
100711,A0109,3033.01,2024-11-14
100712,A0016,3673.03,2024-10-09
100713,A0074,4896.67,2024-11-22
100714,A0197,944.62,2024-12-22
100715,A0108,3824.57,2024-11-17
100716,A0223,4674.15,2024-11-18
100717,A0247,1970.46,2024-12-24
100718,A0168,4586.18,2024-11-14
100719,A0138,622.97,2024-11-20
100720,A0058,2773.65,2024-10-01
100721,A0077,-3965.55,2024-11-29
100722,A0109,3532.07,2024-12-08
100723,A0064,1989.50,2024-11-28
100724,A0049,1815.87,2024-10-15
100725,A0108,169.91,2024-12-18
100726,A0228,4017.32,2024-10-03
100727,A0026,1262.78,2024-12-16
100728,A0173,177.03,2024-12-30
100729,A0190,4573.90,2024-10-06
100730,A0139,2110.02,2024-10-28
100731,A0015,3956.15,2024-10-18
100732,A0060,2642.86,2024-12-13
100733,A0198,1672.97,2024-12-26
100734,A0078,4291.68,2024-10-19
100735,A0106,3462.41,2024-11-08
100736,A0243,1443.59,2024-12-15
100737,A0045,4613.23,2024-12-20
100738,A0127,3559.60,2024-10-07
100739,A0172,1806.72,2024-11-18
100740,A0179,4120.87,2024-11-23
100741,A0097,2141.45,2024-10-24
100742,A0062,3956.31,2024-10-29
100743,A0037,1577.72,2024-11-29
100744,A0106,4796.87,2024-11-23
100745,A0100,2922.78,2024-11-01
100746,A0166,1337.91,2024-10-11
100747,A0095,4836.12,2024-10-12
100748,A0049,2809.27,2024-10-07
100749,A0155,1408.51,2024-12-17
100750,A0049,208.34,2024-12-15
100751,A0056,3798.44,2024-12-01
100752,A0086,1096.18,2024-11-08
100753,A0240,,2024-10-25
100754,A0194,3888.46,2024-12-01
100755,A0155,4795.30,2024-12-30
100756,A0062,1073.23,2024-12-10
100757,A0098,1687.18,2024-11-29
100758,A0079,2798.86,2024-11-03
100759,A0128,1886.57,2024-11-29
100760,A0185,517.99,2024-11-30
100761,A0235,3994.12,2024-10-27
100762,A0012,1944.56,2024-12-12
100763,A0038,4531.29,2024-10-03
100764,A0150,1368.20,2024-12-14
100765,A0040,3775.93,2024-10-26
100766,A0146,1730.44,2024-11-01
100767,A0242,2618.77,2024-12-27
100768,A0211,1770.80,2024-12-02
100769,A0126,3794.52,2024-11-28
100770,A0091,883.02,2024-10-22
100771,A0126,734.78,2024-10-24
100772,A0165,4808.19,2024-10-08
100773,A0217,-2747.97,2024-10-10
100774,A0013,4956.50,2024-10-01
100775,A0162,2163.12,2024-10-30
100776,A0003,357.34,2024-10-28
100777,A0016,2652.49,2024-12-19
100778,A0158,3344.53,2024-12-01
100779,A0002,3457.54,2024-12-08
100780,A0005,2893.20,2024-12-07
100781,A0074,3787.36,2024-10-03
100782,A0173,2634.05,2024-11-25
100783,A0046,4227.64,2024-10-14
100784,A0039,4814.21,2024-10-31
100785,A0065,1007.27,2024-11-15
100786,A0021,1402.55,2024-11-17
100787,A0063,2129.75,2024-12-29
100788,A0212,1185.14,2024-10-11
100789,A0167,3428.45,2024-10-05
100790,A0097,491.21,2024-12-10
100791,A0003,2496.63,2024-12-29
100792,A0217,899.54,2024-11-25
100793,A0145,3382.17,2024-10-13
100794,A0011,4692.28,2024-10-30
100795,A0178,1109.43,2024-12-12
100796,A0237,2493.99,2024-10-10
100797,A0231,3589.37,2024-12-09
100798,A0046,2955.41,2024-11-10
100799,A0151,83.09,2024-10-19
100800,A0211,3944.97,2024-11-20
100801,A0042,4870.97,2024-12-12
100802,A0218,1261.76,2024-11-19
100803,A0085,3550.61,2024-11-19
100804,A0203,3962.56,2024-12-28
100805,A0191,3797.70,2024-11-14
100806,A0060,282.52,2024-10-10
100807,A0158,1786.68,2024-12-16
100808,A0084,2080.86,2024-10-04
100809,A0116,3325.63,2024-12-02
100810,A0241,1197.10,2024-11-18
100811,A0150,2265.12,2024-12-24
100812,A0159,1993.67,2024-11-07
100813,A0019,4185.10,2024-10-11
100814,A0183,1405.94,2024-12-21
100815,A0082,809.85,2024-11-16
100816,A0242,559.63,2024-11-09
100817,A0070,2332.69,2024-10-14
100818,A0111,695.71,2024-11-27
100819,A0105,2921.20,2024-10-14
100820,A0142,138.68,2024-10-12
100821,A0084,3130.60,2024-11-19
100822,A0100,65.70,2024-10-11
100823,A0232,3801.26,2024-11-01
100824,A0176,2999.71,2024-11-18
100825,A0078,889.67,2024-11-04
100826,A0043,2586.38,2024-11-25
100827,A0124,1447.83,2024-10-10
100828,A0064,1894.33,2024-12-20
100829,A0051,2600.43,2024-11-28
100830,A0002,561.84,2024-11-20
100831,A0098,1742.77,2024-11-12
100832,A0209,2309.03,2024-12-23
100833,A0083,3117.33,2024-12-17
100834,A0123,4967.46,2024-11-10
100835,A0248,932.33,2024-11-10
100836,A0163,1529.02,2024-12-02
100837,A0084,3020.26,2024-11-18
100838,A0101,1470.58,2024-11-16
100839,A0052,598.10,2024-12-15
100840,A0197,2861.66,2024-12-10
100841,A0119,142.11,2024-12-30
100842,A0075,1100.16,2024-12-28
100843,A0204,363.59,2024-11-22
100844,A0163,3529.34,2024-11-08
100845,A0040,1269.88,2024-12-31
100846,A0019,2219.40,2024-11-27
100847,A0103,3135.89,2024-12-08
100848,A0223,2657.10,2024-12-28
100849,A0203,2194.10,2024-11-16
100850,A0138,3679.58,2024-12-16
100851,A0028,3346.90,2024-11-01
100852,A0043,3448.72,2024-12-22
100853,A0166,3213.19,2024-12-26
100854,A0193,3391.79,2024-11-12
100855,A0003,4175.54,2024-10-13
100856,A0192,1357.53,2024-12-06
100857,A0148,2926.49,2024-10-29
100858,A0119,2338.16,2024-12-26
100859,A0039,3086.90,2024-11-14
100860,A0076,129.77,2024-11-23
100861,A0030,4827.32,2024-10-19
100862,A0117,1827.24,2024-10-27
100863,A0122,2733.14,2024-10-13
100864,A0116,2298.25,2024-11-10
100865,A0208,353.18,2024-12-30
100866,A0088,-604.37,2024-12-22
100867,A0043,574.37,2024-11-01
100868,A0041,2706.29,2024-11-12
100869,A0119,2936.22,2024-10-30
100870,A0048,4183.53,2024-10-24
100871,A0102,3358.95,2024-10-04
100872,A0051,3867.03,2024-11-27
100873,A0002,3105.85,2024-12-30
100874,A0193,1127.15,2024-12-30
100875,A0148,4241.07,2024-10-14
100876,A0048,4192.69,2024-11-16
100877,A0030,1710.09,2024-11-03
100878,A0136,3517.40,2024-12-21
100879,A0157,1644.14,2024-11-20
100880,A0091,3078.59,2024-11-28
100881,A0173,3237.75,2024-12-30
100882,A0158,4198.51,2024-12-15
100883,A0081,445.34,2024-10-16
100884,A0047,1251.80,2024-11-17
100885,A0100,3636.60,2024-11-23
100886,A0099,3127.98,2024-11-24
100887,A0138,974.88,2024-12-28
100888,A0045,4820.05,2024-12-11
100889,A0036,875.85,2024-10-24
100890,A0159,1650.30,2024-10-07
100891,A0003,4538.82,2024-12-02
100892,A0099,716.83,2024-12-11
100893,A0105,2650.95,2024-12-27
100894,A0216,2579.05,2024-11-26
100895,A0145,2563.19,2024-10-04
100896,A0075,4173.70,2024-10-05
100897,A0074,1442.02,2024-10-22
100898,A0191,4094.32,2024-12-03
100899,A0147,2883.14,2024-10-15
100900,A0211,1405.50,2024-11-16
100901,A0011,2842.86,2024-11-26
100902,A0109,2865.46,2024-10-14
100903,A0193,3859.70,2024-11-01
100904,A0009,1561.85,2024-11-27
100905,A0210,1378.90,2024-10-12
100906,A0031,2302.99,2024-10-31
100907,A0151,1101.36,2024-12-28
100908,A0157,1839.31,2024-12-20
100909,A0036,2245.82,2024-10-27
100910,A0016,4266.23,2024-12-12
100911,A0153,1840.28,2024-12-08
100912,A0181,883.78,2024-11-07
100913,A0244,1517.93,2024-12-05
100914,A0025,4720.40,2024-10-18
100915,A0236,3933.65,2024-10-08
100916,A0033,1454.97,2024-12-29
100917,A0038,4541.74,2024-12-31
100918,A0195,1689.71,2024-12-26
100919,A0148,2059.88,2024-12-20
100920,A0097,1409.85,2024-11-27
100921,A0226,396.92,2024-10-12
100922,A0072,2113.09,2024-12-28
100923,A0117,4910.09,2024-12-02
100924,A0223,1716.93,2024-10-12
100925,A0163,3833.18,2024-12-25
100926,A0017,3656.80,2024-12-08
100927,A0110,2086.17,2024-10-28
100928,A0213,2594.73,2024-11-06
100929,A0034,1771.80,2024-12-12
100930,A0088,4470.14,2024-12-27
100931,A0026,3997.40,2024-12-20
100932,A0005,4110.83,2024-10-16
100933,A0113,4873.90,2024-11-28
100934,A0110,4.54,2024-10-26
100935,A0226,3611.20,2024-12-23
100936,A0239,1583.64,2024-11-05
100937,A0065,490.37,2024-10-11
100938,A0167,1950.53,2024-10-22
100939,A0079,272.51,2024-12-29
100940,A0168,3960.59,2024-10-12
100941,A0055,3690.40,2024-12-01
100942,A0058,409.62,2024-12-06
100397,A0030,520.98,2024-12-23
100943,A0003,3566.06,2024-12-29
100944,A0221,1802.31,2024-11-24
100945,A0019,3639.72,2024-10-30
100946,A0207,2009.38,2024-10-14
100947,A0226,542.07,2024-11-08
100948,A0209,719.95,2024-10-18
100949,A0037,3364.70,2024-10-09
100950,A0157,2782.39,2024-12-23
100951,A0185,861.44,2024-10-28
100952,A0236,3293.94,2024-11-22
100953,A0221,3231.01,2024-10-28
100954,A0036,455.49,2024-10-16
100955,A0090,3092.06,2024-11-24
100956,A0064,1649.90,2024-11-05
100957,A0142,3380.66,2024-12-16
100958,A0073,3146.76,2024-12-28
100959,A0169,141.63,2024-11-08
100960,A0131,1078.12,2024-10-25
100961,A0166,3921.85,2024-10-07
100962,A0245,4110.37,2024-10-31
100963,A0062,2595.63,2024-12-03
100964,A0136,3346.38,2024-10-02
100965,A0034,1894.19,2024-11-19
100966,A0108,4514.14,2024-11-16
100967,A0196,2865.48,2024-11-30
100968,A0151,4039.94,2024-10-09
100969,A0011,73.31,2024-10-08
100970,A0130,4974.81,2024-11-06
100971,A0197,3296.52,2024-11-23
100972,A0022,2221.75,2024-12-21
100973,A0040,2814.14,2024-11-05
100974,A0131,439.28,2024-10-27
100975,A0084,4237.56,2024-11-20
100976,A0214,3075.61,2024-12-23
100977,A0080,3571.69,2024-12-29
100978,A0217,2294.68,2024-10-31
100979,A0237,304.59,2024-11-25
100980,A0156,609.10,2024-10-08
100981,A0169,1622.57,2024-10-23
100982,A0036,,2024-12-29
100983,A0244,60.50,2024-11-14
100984,A0211,2743.05,2024-11-03
100985,A0192,876.36,2024-11-04
100986,A0198,3843.69,2024-10-04
100987,A0070,1757.42,2024-12-07
100988,A0250,335.87,2024-12-13
100989,A0117,3291.07,2024-12-05
100990,A0220,1889.08,2024-12-12
100991,A0066,875.93,2024-10-14
100992,A0186,4689.54,2024-10-15
100993,A0001,1198.49,2024-10-06
100994,A0063,4503.00,2024-10-06
100995,A0236,2474.40,2024-10-20
100996,A0220,939.27,2024-10-05
100997,A0183,2899.60,2024-12-23
100998,A0064,2199.70,2024-11-23
100999,A0070,4802.71,2024-10-10
101000,A0129,2997.49,2024-12-26
101001,A0058,4729.76,2024-12-06
101002,A0018,241.79,2024-11-29
101003,A0217,4541.50,2024-11-09
101004,A0117,1716.99,2024-10-02
101005,A0145,1935.19,2024-11-08
101006,A0119,3878.50,2024-11-17
101007,A0198,3103.16,2024-10-26
101008,A0195,3841.21,2024-11-01
101009,A0105,,2024-10-04
101010,A0163,1222.57,2024-12-28
101011,A0086,,2024-10-01
101012,A0218,3979.97,2024-11-09
101013,A0061,545.99,2024-11-23
101014,A0249,2580.64,2024-10-19
101015,A0012,3732.10,2024-10-30
101016,A0106,4705.37,2024-12-29
101017,A0250,4696.40,2024-10-11
101018,A0035,3045.91,2024-12-21
101019,A0152,4299.96,2024-12-12
101020,A0247,327.54,2024-10-17
101021,A0218,1242.36,2024-11-10
101022,A0180,4856.12,2024-11-11
101023,A0060,1668.53,2024-10-10
101024,A0200,4947.94,2024-12-14
101025,A0043,572.33,2024-11-27
101026,A0031,2444.47,2024-12-08
101027,A0054,1879.45,2024-11-27
101028,A0219,1617.42,2024-10-16
101029,A0176,475.06,2024-11-08
101030,A0155,4333.64,2024-10-06
101031,A0084,1128.32,2024-10-19
101032,A0248,479.21,2024-11-15
100170,A0134,1454.91,2024-12-02
101033,A0174,2078.46,2024-11-08
101034,A0045,1365.02,2024-10-04
101035,A0116,4992.72,2024-12-11
101036,A0025,3923.08,2024-11-29
101037,A0036,535.28,2024-10-16
101038,A0200,63.68,2024-10-29
101039,A0103,686.32,2024-11-17
101040,A0166,3599.11,2024-10-11
101041,A0235,3054.05,2024-10-10
101042,A0051,115.29,2024-12-22
101043,A0024,2325.85,2024-11-12
101044,A0119,643.39,2024-10-07
101045,A0111,881.74,2024-11-20
101046,A0175,-2602.13,2024-11-24
101047,A0233,907.00,2024-10-24
101048,A0227,1442.69,2024-10-20
101049,A0158,182.66,2024-11-01
101050,A0106,3394.60,2024-12-10
101051,A0072,2512.50,2024-11-19
101052,A0165,720.51,2024-12-07
101053,A0206,1307.25,2024-12-09
101054,A0098,,2024-12-31
101055,A0201,1883.78,2024-12-02
101056,A0129,1804.72,2024-11-11
101057,A0007,2037.23,2024-11-10
101058,A0230,3131.60,2024-11-05
101059,A0121,308.18,2024-12-07
101060,A0060,1874.97,2024-10-21
101061,A0062,525.99,2024-11-04
101062,A0235,2799.07,2024-10-08
101063,A0057,4006.82,2024-12-13
101064,A0100,4439.12,2024-11-15
101065,A0217,4904.17,2024-10-23
101066,A0082,924.27,2024-12-29
101067,A0008,1882.05,2024-12-30
101068,A0146,3673.95,2024-12-12
101069,A0049,746.02,2024-12-03
101070,A0126,2843.29,2024-10-05
101071,A0155,474.20,2024-10-29
101072,A0001,105.48,2024-11-12
101073,A0207,4813.41,2024-10-17
101074,A0236,1787.55,2024-11-11
101075,A0151,-313.24,2024-12-30
101076,A0029,4809.89,2024-12-07
101077,A0019,4513.38,2024-11-17
101078,A0102,3694.80,2024-12-15
101079,A0083,530.69,2024-10-18
101080,A0112,826.77,2024-12-21
101081,A0045,2555.33,2024-12-30
101082,A0238,2947.37,2024-12-18
101083,A0171,4127.10,2024-12-15
101084,A0079,4271.08,2024-12-28
101085,A0187,1545.11,2024-10-01
101086,A0147,4975.38,2024-11-20
101087,A0248,4461.41,2024-12-12
101088,A0082,170.77,2024-12-18
101089,A0027,1159.12,2024-12-03
101090,A0020,738.37,2024-10-31
101091,A0043,1819.28,2024-12-21
101092,A0211,4642.62,2024-12-30
101093,A0227,3513.85,2024-11-12
101094,A0054,,2024-11-01
101095,A0066,3635.23,2024-10-14
101096,A0099,,2024-11-26
101097,A0043,3841.85,2024-11-22
101098,A0090,2586.16,2024-12-09
101099,A0123,1968.90,2024-12-13
101100,A0058,3413.95,2024-10-21
101101,A0217,2367.04,2024-10-05
101102,A0067,-1547.17,2024-10-14
101103,A0228,390.02,2024-11-18
101104,A0141,844.60,2024-10-12
101105,A0158,1772.83,2024-12-01
101106,A0242,-3694.63,2024-12-23
101107,A0112,866.06,2024-10-21
101108,A0053,281.78,2024-10-25
101109,A0185,2146.80,2024-12-09
101110,A0077,1391.75,2024-10-31
101111,A0147,503.87,2024-12-10
101112,A0014,4404.25,2024-11-16
100141,A0081,4828.49,2024-12-24
101113,A0076,21.00,2024-12-24
101114,A0052,3278.27,2024-10-13
101115,A0164,135.92,2024-11-07
101116,A0030,430.58,2024-11-09
101117,A0126,4116.01,2024-12-24
101118,A0140,1390.38,2024-11-19
101119,A0098,970.31,2024-11-17
101120,A0068,979.23,2024-11-26
101121,A0215,2439.24,2024-11-04
101122,A0193,2959.27,2024-12-29
101123,A0172,3500.45,2024-11-14
101124,A0249,4238.19,2024-12-15
101125,A0216,1193.82,2024-11-19
101126,A0248,4291.80,2024-12-08
101127,A0122,3603.21,2024-12-13
101128,A0077,4623.40,2024-10-11
101129,A0183,2070.91,2024-10-05
101130,A0133,2633.45,2024-12-13
101131,A0038,3553.23,2024-10-16
101132,A0045,4977.82,2024-10-22
101133,A0033,1111.91,2024-10-06
101134,A0175,2220.70,2024-11-25
101135,A0161,1059.63,2024-10-19
101136,A0082,4374.12,2024-10-09
100347,A0242,1348.26,2024-12-01
101137,A0102,457.27,2024-12-10
101138,A0134,1710.84,2024-11-28
101139,A0202,4809.56,2024-12-29
101140,A0201,3267.61,2024-11-23
101141,A0038,590.92,2024-12-12
101142,A0247,3083.46,2024-10-13
101143,A0200,4850.28,2024-10-13
101144,A0138,4120.57,2024-11-14
101145,A0099,4603.69,2024-12-23
101146,A0122,2546.86,2024-10-05
101147,A0037,903.82,2024-12-19
101148,A0103,3192.10,2024-10-05
101149,A0085,2076.09,2024-12-28
101150,A0122,1246.59,2024-11-04
101151,A0087,4704.02,2024-11-08
101152,A0126,1631.26,2024-12-29
101153,A0223,3591.59,2024-10-30
101154,A0191,705.56,2024-11-26
101155,A0069,4059.15,2024-11-23
101156,A0049,3172.83,2024-11-26
101157,A0105,1109.29,2024-12-02
101158,A0096,3982.93,2024-10-08
101159,A0017,2702.49,2024-11-09
101160,A0035,3721.18,2024-12-07
101161,A0045,4611.23,2024-10-25
101162,A0215,4589.46,2024-10-08
101163,A0013,-1309.04,2024-11-16
101164,A0095,3695.31,2024-11-29
101165,A0237,2649.31,2024-10-16
101166,A0096,-3572.31,2024-12-02
101167,A0246,3115.49,2024-11-30
101168,A0089,3077.94,2024-10-21
101169,A0192,4392.71,2024-12-28
101170,A0099,474.91,2024-10-07
101171,A0200,855.10,2024-10-28
101172,A0058,4494.73,2024-12-26
101173,A0105,1084.86,2024-12-05
101174,A0248,106.13,2024-12-27
101175,A0034,47.65,2024-12-22
101176,A0003,909.07,2024-10-29
101177,A0242,1324.25,2024-11-09
101178,A0165,3737.81,2024-11-05
101179,A0219,2222.96,2024-11-14
101180,A0120,2407.47,2024-11-08
101181,A0160,3551.45,2024-11-20
101182,A0131,3065.39,2024-12-24
101183,A0144,4422.23,2024-12-22
101184,A0077,3114.07,2024-12-27
101185,A0087,567.77,2024-11-05
101186,A0071,3359.56,2024-11-03
101187,A0229,3440.95,2024-12-23
101188,A0133,1567.52,2024-10-31
101189,A0220,4717.95,2024-12-16
101190,A0175,2119.63,2024-10-18
101191,A0128,-3782.60,2024-11-07
101192,A0104,1361.14,2024-11-19
101193,A0182,-3863.59,2024-12-13
101194,A0186,4279.26,2024-12-31
101195,A0164,1166.82,2024-11-30
101196,A0092,4753.80,2024-12-04
102034,A0060,781.94,2024-10-10
101197,A0216,1574.88,2024-12-24
101198,A0076,4596.35,2024-10-13
101199,A0067,2469.24,2024-12-11
101200,A0243,4000.88,2024-12-27
101201,A0023,4717.44,2024-10-29
101202,A0224,1863.70,2024-11-09
101203,A0085,2205.48,2024-11-17
101204,A0119,1367.08,2024-10-16
101205,A0163,2467.96,2024-12-14
101206,A0019,3043.51,2024-11-30
101207,A0031,4664.15,2024-12-27
101208,A0106,2002.04,2024-10-07
101209,A0036,4566.75,2024-10-26
101210,A0146,1797.57,2024-11-28
101211,A0184,751.90,2024-10-24
101212,A0086,4084.89,2024-12-20
101213,A0015,928.06,2024-10-01
101214,A0195,2371.06,2024-10-22
101215,A0126,3022.36,2024-10-12
101216,A0163,679.45,2024-11-24
101217,A0123,2115.94,2024-11-19
101218,A0052,-25.47,2024-11-17
101219,A0083,,2024-12-07
101220,A0002,,2024-12-20
101221,A0178,3847.19,2024-11-14
101222,A0099,1637.26,2024-12-04
101223,A0017,3087.32,2024-10-06
101224,A0117,1564.43,2024-12-06
101225,A0112,3127.69,2024-12-27
101226,A0231,702.44,2024-12-02
101227,A0043,1884.50,2024-11-21
101228,A0187,101.26,2024-10-17
101229,A0151,1108.24,2024-12-04
101230,A0183,886.96,2024-12-23
101231,A0225,-4154.02,2024-12-21
101232,A0160,1342.07,2024-10-07
101233,A0170,3114.87,2024-10-14
101234,A0013,3427.57,2024-12-28
101235,A0098,608.07,2024-10-16
101236,A0180,2870.33,2024-10-20
101237,A0162,1078.38,2024-10-02
101238,A0026,1579.71,2024-12-24
101239,A0156,2728.91,2024-12-29
101240,A0231,720.13,2024-10-14
101241,A0031,2683.17,2024-11-06
101242,A0128,598.75,2024-10-26
101243,A0068,3193.92,2024-12-06
101244,A0105,1058.34,2024-11-07
101245,A0128,-841.81,2024-10-27
101246,A0085,3609.17,2024-10-31
101247,A0023,,2024-10-15
101248,A0127,4380.02,2024-10-20
101249,A0131,4978.83,2024-10-10
101250,A0232,3794.55,2024-11-02
101251,A0076,3379.18,2024-11-03
101252,A0209,2435.15,2024-10-23
101253,A0075,-4584.01,2024-11-16
101254,A0110,4203.67,2024-10-15
101255,A0228,499.06,2024-10-06
101256,A0170,51.71,2024-12-22
101257,A0229,894.97,2024-11-26
101258,A0188,3261.05,2024-10-12
101259,A0047,1954.61,2024-10-15
101260,A0117,2102.22,2024-11-04
101261,A0218,4382.51,2024-12-01
101262,A0227,4194.77,2024-10-22
101263,A0186,593.74,2024-10-08
101264,A0027,4942.24,2024-11-23
101265,A0206,4778.45,2024-12-12
101266,A0157,3557.73,2024-11-18
101267,A0008,4086.06,2024-12-27
101268,A0250,4614.47,2024-10-17
101269,A0029,2533.72,2024-11-22
101270,A0067,2311.47,2024-12-23
101271,A0223,,2024-12-26
101272,A0148,2752.55,2024-12-12
101273,A0172,1175.32,2024-11-13
101274,A0180,2722.57,2024-12-19
101275,A0187,500.34,2024-11-01
101276,A0174,2527.69,2024-12-22
101277,A0212,2018.86,2024-12-11
101278,A0014,4677.97,2024-10-02
101279,A0130,3374.26,2024-11-30
101280,A0043,4467.25,2024-10-10
101281,A0062,3940.65,2024-11-12
101282,A0058,1459.34,2024-12-10
101283,A0210,3373.83,2024-10-31
101284,A0206,414.29,2024-12-13
101285,A0128,2350.32,2024-11-27
101286,A0128,1658.07,2024-12-23
101287,A0106,94.16,2024-10-05
101288,A0212,2921.97,2024-10-12
101289,A0159,4152.22,2024-12-21
101290,A0144,1597.97,2024-10-27
101291,A0244,3432.96,2024-11-13
101292,A0210,1905.96,2024-10-29
101293,A0144,4427.65,2024-12-19
101294,A0169,3146.47,2024-11-16
101295,A0025,3754.44,2024-12-24
101296,A0091,,2024-12-21
101297,A0134,4194.84,2024-11-17
101298,A0230,3682.00,2024-10-22
101299,A0184,2582.71,2024-11-22
101300,A0051,561.78,2024-10-25
101301,A0101,634.05,2024-10-28
101302,A0049,2397.23,2024-12-31
101303,A0107,1772.74,2024-10-06
101304,A0173,4859.19,2024-12-15
101305,A0116,647.02,2024-11-28
101306,A0130,3453.20,2024-10-18
101307,A0189,,2024-10-07
101308,A0215,2901.49,2024-12-14
101309,A0200,2532.95,2024-10-23
101310,A0188,3628.11,2024-10-17
101311,A0154,543.92,2024-12-17
101312,A0226,4628.86,2024-11-19
101313,A0235,2196.00,2024-12-28
101314,A0102,3998.03,2024-11-13
101315,A0035,1543.31,2024-10-18
101316,A0227,2164.97,2024-12-05
101317,A0141,1568.16,2024-11-10
101318,A0142,3733.27,2024-12-20
101319,A0160,1140.50,2024-12-31
101320,A0236,1524.47,2024-12-26
101321,A0167,696.58,2024-10-23
101322,A0164,2642.85,2024-11-11
101323,A0091,3725.29,2024-12-11
101324,A0242,2519.52,2024-12-25
101325,A0192,3724.09,2024-12-08
101326,A0109,1500.08,2024-10-02
101327,A0098,2741.61,2024-10-19
101328,A0052,279.21,2024-11-04
101329,A0074,3934.13,2024-12-27
101330,A0016,1314.66,2024-12-28
101331,A0193,4113.29,2024-12-09
101332,A0116,170.37,2024-10-14
101333,A0190,3231.18,2024-12-11
101334,A0166,4535.26,2024-12-11
101335,A0201,2039.88,2024-12-29
101336,A0013,1509.05,2024-11-18
101337,A0202,2032.90,2024-12-27
101338,A0014,1640.20,2024-10-02
101339,A0159,3899.97,2024-11-26
101340,A0163,4352.50,2024-12-30
101341,A0194,3721.06,2024-12-15
101342,A0051,2866.83,2024-10-25
101343,A0175,1543.33,2024-10-10
101344,A0189,981.29,2024-12-05
101345,A0110,626.75,2024-11-05
101346,A0042,2919.17,2024-12-14
101347,A0085,4436.55,2024-11-29
101348,A0011,3721.81,2024-10-20
101349,A0014,4869.68,2024-12-20
101350,A0078,3228.56,2024-12-02
101351,A0092,4142.39,2024-10-10
101352,A0135,4111.58,2024-10-29
101353,A0202,965.00,2024-12-04
101354,A0138,836.56,2024-11-21
101355,A0227,483.05,2024-10-28
101356,A0093,3478.78,2024-11-07
101357,A0159,1146.28,2024-12-07
101358,A0211,2490.61,2024-12-23
101359,A0089,47.15,2024-11-27
101360,A0158,1261.11,2024-12-19
101361,A0175,1279.35,2024-11-11
101362,A0242,2000.49,2024-10-15
101363,A0186,2024.10,2024-11-06
101364,A0211,130.52,2024-11-17
101408,A0064,,2024-10-29
101365,A0115,2697.46,2024-12-02
101366,A0167,230.90,2024-10-25
101367,A0243,1680.36,2024-10-13
101368,A0198,878.63,2024-12-08
101369,A0017,,2024-10-27
101370,A0055,3515.48,2024-12-27
101371,A0053,2225.07,2024-12-08
101372,A0250,4346.02,2024-11-25
101373,A0019,3390.84,2024-12-27
101374,A0184,-807.11,2024-11-12
101375,A0014,199.63,2024-10-23
101376,A0019,4164.97,2024-12-13
101377,A0067,4308.65,2024-11-22
101378,A0104,2035.40,2024-11-25
101379,A0173,,2024-10-16
101380,A0185,,2024-12-19
101381,A0150,332.54,2024-10-06
101382,A0092,3675.64,2024-12-04
101383,A0176,557.45,2024-11-08
101384,A0196,3181.15,2024-11-26
101385,A0170,2000.70,2024-10-04
101386,A0057,2486.06,2024-10-18
101387,A0205,3916.14,2024-12-09
101388,A0037,1547.53,2024-11-08
101389,A0248,3551.94,2024-12-22
101390,A0003,1957.27,2024-12-10
101391,A0032,4587.29,2024-10-06
101392,A0101,27.37,2024-12-08
101393,A0079,2871.61,2024-10-27
101394,A0186,3924.22,2024-11-14
101395,A0166,1111.11,2024-12-05
101396,A0057,747.87,2024-12-18
101397,A0030,4377.48,2024-10-24
101398,A0219,3518.85,2024-10-07
101399,A0141,4464.72,2024-11-29
101400,A0075,3380.95,2024-12-25
101401,A0051,354.17,2024-12-14
101402,A0092,2555.28,2024-10-17
101403,A0026,3520.52,2024-11-06
101404,A0050,3249.04,2024-11-10
101405,A0158,2548.31,2024-12-24
101406,A0040,1603.61,2024-12-12
101407,A0081,2972.98,2024-11-24
101408,A0064,,2024-10-29
101409,A0112,3734.97,2024-11-05
101410,A0174,4405.59,2024-11-12
101411,A0115,4603.65,2024-11-15
101412,A0142,4063.01,2024-10-14
101413,A0021,922.54,2024-11-05
101414,A0229,4503.13,2024-12-08
101415,A0227,1030.86,2024-12-20
101416,A0229,401.88,2024-10-03
101417,A0008,4455.28,2024-12-14
101418,A0152,3036.10,2024-10-28
101419,A0067,-4752.64,2024-12-09
101420,A0121,4688.06,2024-12-23
101421,A0101,4065.26,2024-10-29
101422,A0188,4674.70,2024-11-07
101423,A0131,702.92,2024-10-12
101424,A0003,2081.29,2024-12-24
101425,A0207,1253.42,2024-12-18
101426,A0132,3587.97,2024-10-18
101427,A0145,2340.48,2024-12-12
101428,A0038,3458.22,2024-12-01
101429,A0057,4924.98,2024-12-02
101430,A0095,1216.03,2024-10-30
101431,A0133,225.43,2024-11-16
101432,A0117,2035.72,2024-10-06
101433,A0083,210.21,2024-10-14
101434,A0163,3690.60,2024-11-05
101435,A0149,4378.13,2024-12-09
101436,A0168,2990.28,2024-11-18
101437,A0230,1916.20,2024-10-10
101438,A0250,2709.80,2024-10-29
101439,A0210,2708.27,2024-11-14
101440,A0228,2553.55,2024-12-17
101441,A0036,35.59,2024-11-26
101442,A0132,869.25,2024-12-22
101443,A0048,1473.25,2024-10-21
101444,A0210,1900.09,2024-10-16
101445,A0208,3467.11,2024-11-12
101446,A0173,3777.21,2024-12-01
101447,A0042,2512.45,2024-12-22
101448,A0063,4370.23,2024-10-06
101449,A0042,671.48,2024-10-18
101450,A0229,3301.60,2024-12-13
101451,A0067,770.99,2024-10-24
101452,A0154,2709.68,2024-12-12
101453,A0185,,2024-12-24
101454,A0022,4306.99,2024-10-28
101455,A0121,2356.11,2024-12-01
101456,A0106,895.26,2024-12-16
101457,A0211,749.22,2024-10-24
101458,A0068,3268.42,2024-10-22
101459,A0237,3797.82,2024-11-28
101460,A0059,3128.55,2024-11-18
101461,A0005,2021.93,2024-10-26
101462,A0130,2741.51,2024-12-27
101463,A0156,2201.93,2024-10-13
101464,A0158,931.20,2024-12-16
101465,A0137,205.66,2024-12-04
101466,A0124,3945.65,2024-12-24
101467,A0139,684.29,2024-10-01
101468,A0174,4703.70,2024-12-23
101469,A0095,2263.28,2024-10-06
101470,A0059,3658.65,2024-12-01
101471,A0090,4140.54,2024-12-15
101472,A0195,4219.53,2024-12-29
101473,A0035,3021.53,2024-11-02
101474,A0233,2502.59,2024-10-11
101475,A0140,1486.13,2024-11-22
101476,A0182,1352.64,2024-10-01
101477,A0134,3031.31,2024-10-01
101478,A0177,1967.23,2024-11-10
101479,A0040,2144.52,2024-11-24
101480,A0067,3417.13,2024-12-08
101481,A0157,2221.68,2024-11-05
101482,A0053,3569.33,2024-11-22
101483,A0124,2895.61,2024-10-23
101484,A0124,1941.98,2024-11-02
101485,A0199,1608.74,2024-12-30
101486,A0219,2088.34,2024-12-24
101487,A0115,625.35,2024-12-29
101488,A0055,4977.77,2024-12-05
101489,A0206,2101.09,2024-12-10
101490,A0181,3220.26,2024-10-07
101491,A0163,843.73,2024-10-01
101492,A0038,4218.21,2024-11-30
101493,A0023,4855.18,2024-10-09
101494,A0021,1380.35,2024-12-17
101495,A0239,198.94,2024-11-21
101496,A0074,3219.94,2024-12-31
101497,A0199,3133.47,2024-10-23
101498,A0003,3357.97,2024-10-26
101499,A0206,4460.42,2024-12-06
101500,A0201,1500.49,2024-12-16
101501,A0060,2677.74,2024-12-18
101502,A0093,889.57,2024-10-31
101503,A0041,,2024-10-12
101504,A0091,1447.70,2024-12-25
101505,A0052,2072.68,2024-12-06
101506,A0018,81.56,2024-10-12
101507,A0213,2882.44,2024-12-11
101508,A0089,4798.28,2024-11-05
101509,A0050,1187.44,2024-11-28
101510,A0002,4875.37,2024-11-03
101511,A0028,918.68,2024-12-11
101512,A0088,380.51,2024-10-15
101513,A0066,4210.72,2024-12-08
101514,A0065,4264.23,2024-12-28
101515,A0145,2322.38,2024-12-01
101516,A0087,4037.84,2024-11-28
101517,A0151,3574.51,2024-10-04
101518,A0018,2527.91,2024-11-18
101519,A0057,3323.21,2024-12-26
101520,A0081,3677.18,2024-11-22
101521,A0003,1852.24,2024-12-29
101522,A0074,4364.00,2024-10-12
101523,A0211,2092.54,2024-11-13
101524,A0046,399.60,2024-11-30
101525,A0229,1646.59,2024-12-13
101526,A0192,1411.73,2024-12-27
101527,A0128,4878.21,2024-10-26
101528,A0224,1232.34,2024-11-03
101529,A0214,1085.11,2024-11-01
101530,A0040,4385.80,2024-10-14
101531,A0174,629.50,2024-12-24
101532,A0196,2583.98,2024-12-09
101533,A0096,222.58,2024-12-19
101534,A0226,1654.69,2024-12-13
101535,A0047,4555.85,2024-12-05
101536,A0193,1470.40,2024-12-13
101537,A0205,673.37,2024-11-24
101538,A0009,2508.77,2024-12-04
101539,A0176,1821.79,2024-10-23
101540,A0179,2398.02,2024-12-06
101541,A0003,2413.09,2024-10-02
101542,A0149,3535.24,2024-10-13
101543,A0221,1707.22,2024-11-03
101544,A0061,982.21,2024-11-04
101545,A0088,2472.20,2024-11-16
101546,A0054,965.23,2024-11-23
101547,A0094,3674.75,2024-11-21
101548,A0147,1467.06,2024-10-17
101549,A0209,3020.33,2024-10-13
101550,A0061,3780.14,2024-12-11
101551,A0051,2267.07,2024-10-19
101552,A0039,4195.50,2024-11-30
101553,A0108,,2024-12-03
101554,A0218,706.01,2024-12-20
101555,A0081,2711.60,2024-12-02
101556,A0220,1574.04,2024-12-12
101557,A0177,251.13,2024-10-21
101558,A0066,315.76,2024-11-30
101559,A0116,4399.62,2024-11-12
101560,A0144,1362.93,2024-12-11
101561,A0089,4886.54,2024-10-03
101562,A0223,2159.81,2024-12-26
101563,A0148,3175.96,2024-12-23
101564,A0200,3404.31,2024-11-06
101565,A0131,1862.79,2024-12-02
101566,A0228,4062.89,2024-10-11
101567,A0119,1998.90,2024-12-20
101568,A0164,760.42,2024-11-13
101569,A0147,2212.53,2024-11-21
101570,A0021,4451.68,2024-10-21
101571,A0082,1802.58,2024-12-23
101572,A0155,1528.54,2024-12-22
101573,A0114,2074.32,2024-11-16
101574,A0248,3922.12,2024-11-27
101575,A0219,2171.49,2024-10-03
101576,A0170,656.56,2024-11-02
101577,A0192,4931.60,2024-10-11
101578,A0027,1105.00,2024-10-13
101579,A0122,335.45,2024-12-10
101580,A0102,-283.20,2024-12-07
101581,A0027,4011.78,2024-11-03
101582,A0168,3241.63,2024-11-19
101583,A0189,1622.99,2024-11-06
101584,A0034,2324.43,2024-12-07
101585,A0009,4397.24,2024-12-24
101586,A0084,1871.87,2024-11-30
101587,A0139,2450.43,2024-11-04
101588,A0249,2876.95,2024-12-29
101589,A0153,2828.42,2024-11-28
101590,A0225,3309.50,2024-12-12
101591,A0164,2281.53,2024-12-08
101592,A0124,1624.51,2024-12-09
101593,A0114,1191.80,2024-11-09
101594,A0040,1918.75,2024-11-08
101595,A0209,,2024-10-18
101596,A0137,1803.94,2024-10-02
101597,A0243,3606.89,2024-12-01
101598,A0111,,2024-11-07
101599,A0002,3131.01,2024-12-10
101600,A0226,1959.97,2024-12-11
101601,A0042,2292.69,2024-12-31
101602,A0213,3865.62,2024-11-18
101603,A0109,1157.53,2024-12-20
101604,A0205,1256.99,2024-12-18
101605,A0070,4235.01,2024-11-06
101606,A0208,3400.78,2024-11-04
101607,A0018,2165.80,2024-10-24
101608,A0164,717.30,2024-11-28
101609,A0180,3239.68,2024-12-19
101610,A0005,2580.47,2024-10-20
101611,A0006,261.21,2024-10-24
101612,A0033,537.20,2024-12-31
101613,A0060,2299.56,2024-10-12
101614,A0056,,2024-11-13
101615,A0205,2204.28,2024-12-03
101616,A0203,1948.19,2024-10-05
101617,A0193,1732.45,2024-10-19
101618,A0101,294.80,2024-10-10
102014,A0126,3710.89,2024-12-01
101619,A0050,2848.89,2024-11-02
101620,A0004,4285.74,2024-10-16
101621,A0099,4028.29,2024-11-26
101622,A0009,1296.84,2024-10-26
101623,A0025,2417.10,2024-12-06
101624,A0122,3492.79,2024-11-19
101625,A0240,3573.72,2024-11-11
101626,A0011,832.58,2024-12-10
101627,A0124,2732.15,2024-12-21
101628,A0228,1567.64,2024-10-07
101629,A0250,4529.05,2024-10-15
101630,A0084,1238.14,2024-10-02
101631,A0150,878.45,2024-10-16
101632,A0003,2076.17,2024-10-06
101633,A0122,3047.51,2024-12-28
101634,A0198,3126.86,2024-10-12
101635,A0024,1305.02,2024-12-27
101636,A0249,3244.48,2024-12-20
101637,A0166,315.84,2024-10-20
101638,A0028,3677.97,2024-10-17
101639,A0143,2558.70,2024-12-22
101640,A0229,3968.27,2024-11-26
101641,A0177,3845.02,2024-11-18
101642,A0065,1878.82,2024-10-06
101643,A0144,2545.38,2024-11-07
101644,A0049,2846.48,2024-12-12
101645,A0083,979.46,2024-11-29
101646,A0154,1444.49,2024-12-10
101647,A0040,841.66,2024-11-27
101648,A0139,1551.17,2024-11-16
101649,A0164,,2024-12-04
101650,A0227,1988.27,2024-10-03
101651,A0199,3250.19,2024-12-19
101652,A0017,1252.92,2024-12-24
101653,A0049,2826.68,2024-12-07
101654,A0142,3583.06,2024-10-20
101655,A0105,3215.09,2024-12-22
101656,A0134,1689.33,2024-12-24
101657,A0241,350.59,2024-10-17
101658,A0052,937.58,2024-10-14
101659,A0009,2545.73,2024-12-13
101660,A0169,3365.62,2024-12-02
101661,A0152,2757.81,2024-11-02
101662,A0156,258.35,2024-12-31
101663,A0236,,2024-10-27
101664,A0228,3439.01,2024-10-11
101665,A0016,2454.97,2024-11-16
101666,A0228,2926.63,2024-11-23
101667,A0182,4310.78,2024-10-08
101668,A0136,4319.26,2024-10-06
101669,A0078,3850.84,2024-10-10
101670,A0133,4953.44,2024-10-13
101671,A0137,531.71,2024-11-19
101672,A0169,994.31,2024-11-01
101673,A0046,2989.58,2024-12-11
101674,A0192,3928.93,2024-10-14
101675,A0092,4018.53,2024-12-26
101676,A0110,2406.01,2024-10-14
101677,A0141,875.56,2024-11-21
101678,A0041,2647.04,2024-12-08
101679,A0091,3146.28,2024-11-10
101680,A0084,2885.01,2024-11-17
101681,A0111,2162.86,2024-11-11
101682,A0140,3190.83,2024-10-28
101683,A0238,1967.41,2024-11-02
101684,A0115,1888.48,2024-11-20
101685,A0073,2.02,2024-12-16
101686,A0228,86.47,2024-11-08
101687,A0057,35.43,2024-10-28
101688,A0198,4487.43,2024-12-28
104133,A0175,37.08,2024-12-26
101689,A0142,4312.41,2024-12-05
101690,A0147,2917.73,2024-10-20
101691,A0092,-495.33,2024-10-20
101692,A0228,726.65,2024-12-14
101693,A0208,1310.96,2024-11-08
101694,A0146,482.84,2024-10-28
101695,A0084,3850.66,2024-12-01
101696,A0231,907.50,2024-12-28
101697,A0233,3685.94,2024-10-13
101698,A0010,3121.72,2024-12-13
101699,A0015,2001.40,2024-11-12
101700,A0112,1825.15,2024-11-23
101701,A0223,4878.16,2024-10-30
101702,A0155,3920.98,2024-10-02
101703,A0098,3324.39,2024-10-07
101704,A0082,1598.94,2024-12-09
101705,A0129,2962.77,2024-12-29
101706,A0173,1158.61,2024-11-20
101707,A0148,2337.31,2024-12-04
101708,A0075,473.29,2024-11-20
101709,A0022,777.01,2024-11-30
101710,A0141,2996.99,2024-11-21
101711,A0129,1377.55,2024-11-25
101712,A0196,4058.07,2024-10-18
101713,A0125,2522.41,2024-11-20
101714,A0144,3420.66,2024-12-18
101715,A0063,3858.01,2024-10-10
101716,A0083,1396.95,2024-12-27
101717,A0029,4846.14,2024-12-25
101718,A0090,2169.36,2024-10-25
101719,A0168,1682.59,2024-10-04
101720,A0090,4036.34,2024-12-18
101721,A0114,4308.46,2024-12-19
101722,A0237,765.50,2024-10-30
101723,A0040,1047.92,2024-10-11
101724,A0063,590.15,2024-12-19
101725,A0214,4859.73,2024-11-06
101726,A0206,73.00,2024-10-15
101727,A0006,1600.69,2024-11-12
101728,A0055,1096.81,2024-10-27
101729,A0067,2865.83,2024-12-10
101730,A0037,2533.44,2024-12-28
101731,A0097,3664.48,2024-12-14
101732,A0012,4751.26,2024-11-02
101733,A0052,893.96,2024-12-29
101734,A0120,3240.91,2024-12-23
101735,A0100,,2024-12-24
101736,A0234,1423.44,2024-12-24
101737,A0005,1889.58,2024-11-07
101738,A0099,4548.72,2024-10-30
101739,A0182,1996.97,2024-10-13
101740,A0222,4739.89,2024-12-16
101741,A0051,2787.90,2024-12-04
101742,A0183,2402.16,2024-10-03
101743,A0136,209.41,2024-11-09
101744,A0191,1749.86,2024-10-21
101745,A0091,97.32,2024-11-15
101746,A0129,3279.01,2024-11-05
101747,A0066,4257.65,2024-11-19
101748,A0008,4669.27,2024-12-11
101749,A0039,4977.10,2024-11-13
101750,A0036,4704.78,2024-10-12
101751,A0246,3827.72,2024-12-26
101752,A0176,3211.99,2024-10-30
101753,A0040,2189.02,2024-11-24
101435,A0149,4378.13,2024-12-09
101754,A0085,1638.78,2024-11-27
101755,A0168,2843.86,2024-10-18
101756,A0205,3047.27,2024-10-26
101757,A0177,4523.44,2024-12-30
101758,A0035,4712.47,2024-11-25
101759,A0038,4766.78,2024-12-23
101760,A0041,4892.76,2024-11-10
101761,A0243,356.54,2024-10-16
101762,A0226,966.39,2024-10-19
101763,A0082,-3812.99,2024-11-22
101764,A0191,2157.14,2024-12-21
101765,A0039,4893.91,2024-10-25
101766,A0007,560.78,2024-12-18
101767,A0146,3235.57,2024-12-18
101768,A0060,1211.64,2024-12-27
101769,A0177,137.75,2024-12-01
101770,A0155,704.00,2024-11-30
101771,A0048,3734.03,2024-11-19
101772,A0042,2577.59,2024-10-25
101773,A0196,-1187.32,2024-10-02
101774,A0106,4852.94,2024-10-29
101775,A0052,3893.13,2024-10-27
101776,A0245,347.74,2024-11-26
101777,A0177,4547.25,2024-11-11
101778,A0064,4545.39,2024-11-24
101779,A0156,2123.66,2024-11-18
101780,A0157,3776.92,2024-12-13
101781,A0165,3114.25,2024-12-30
101782,A0028,-4126.72,2024-11-27
101783,A0011,2396.47,2024-11-01
101784,A0189,2720.49,2024-10-06
101785,A0196,2924.95,2024-12-20
101786,A0113,259.45,2024-11-20
101787,A0212,4637.79,2024-11-06
101788,A0076,2419.78,2024-12-18
101789,A0133,4819.37,2024-10-19
101790,A0116,2431.48,2024-10-12
101791,A0047,3789.75,2024-12-14
101792,A0140,4917.99,2024-10-18
101793,A0116,2061.80,2024-10-04
101794,A0230,938.83,2024-12-31
101795,A0117,4697.54,2024-10-12
101796,A0167,1312.15,2024-12-31
101797,A0188,4176.88,2024-10-16
101798,A0116,479.10,2024-12-21
101799,A0182,1903.86,2024-11-19
101800,A0131,3811.91,2024-12-18
101801,A0141,4980.44,2024-11-18
101802,A0234,231.19,2024-11-12
101803,A0221,2965.80,2024-10-20
101804,A0046,850.99,2024-12-31
101805,A0080,270.01,2024-11-27
101806,A0031,1515.04,2024-10-17
101807,A0196,,2024-11-02
101808,A0219,65.00,2024-12-03
101809,A0156,2850.51,2024-12-03
101810,A0169,1248.16,2024-11-30
101811,A0021,2379.89,2024-12-16
101812,A0226,,2024-12-10
101813,A0143,1459.11,2024-10-27
101814,A0015,257.47,2024-12-23
101815,A0219,-1830.86,2024-10-05
101816,A0155,3497.98,2024-11-08
101817,A0013,1736.97,2024-10-14
101818,A0042,2187.05,2024-12-26
101819,A0178,1491.97,2024-12-29
101820,A0144,3120.35,2024-10-23
101821,A0093,2388.28,2024-10-05
101822,A0083,489.24,2024-11-17
101823,A0018,4706.64,2024-11-24
101824,A0075,4422.37,2024-11-30
101825,A0221,706.40,2024-11-05
101826,A0135,1727.00,2024-10-27
101827,A0015,3649.15,2024-10-14
101828,A0162,2996.60,2024-12-07
101829,A0177,460.64,2024-12-17
101830,A0181,4897.28,2024-11-06
101831,A0082,2239.99,2024-11-03
101832,A0160,2755.56,2024-11-15
101833,A0145,4861.70,2024-12-03
101834,A0128,2725.75,2024-12-03
101835,A0157,4237.14,2024-10-30
101836,A0050,3716.03,2024-10-01
101837,A0161,-620.74,2024-10-16
101838,A0205,3867.45,2024-12-18
101839,A0086,2174.86,2024-11-14
101840,A0055,2939.19,2024-10-02
101841,A0073,3359.68,2024-11-02
101842,A0077,4143.90,2024-12-04
101843,A0002,2884.55,2024-10-15
101844,A0102,3596.75,2024-12-12
101845,A0214,3230.57,2024-10-23
101846,A0087,1018.20,2024-12-26
101847,A0205,2512.90,2024-10-05
101848,A0040,3386.07,2024-12-20
101849,A0138,2415.96,2024-11-12
101850,A0106,2425.67,2024-10-08
101851,A0145,4379.35,2024-12-26
101852,A0005,1655.14,2024-10-27
101853,A0205,3028.22,2024-11-15
101854,A0072,348.14,2024-10-04
101855,A0161,1779.13,2024-12-08
101856,A0156,4417.63,2024-11-19
101857,A0222,983.40,2024-11-09
101858,A0182,3698.62,2024-10-05
101859,A0128,1424.42,2024-10-31
101860,A0244,1949.16,2024-11-08
101861,A0045,1134.19,2024-10-15
101862,A0200,1962.96,2024-10-26
101863,A0130,4789.60,2024-10-04
101864,A0129,4190.19,2024-10-20
101865,A0124,998.25,2024-12-07
101866,A0037,1628.17,2024-10-13
101867,A0133,4311.37,2024-12-26
101868,A0010,696.82,2024-11-28
101869,A0134,2033.07,2024-10-15
101870,A0012,22.54,2024-12-27
101871,A0023,4447.61,2024-11-12
101872,A0027,2448.77,2024-12-06
101873,A0080,4017.99,2024-10-03
101874,A0164,3029.07,2024-10-27
101875,A0074,1683.33,2024-11-05
101876,A0113,2791.65,2024-12-25
101877,A0041,617.82,2024-11-05
101878,A0160,,2024-12-11
101879,A0139,2696.15,2024-11-14
101880,A0037,2881.25,2024-12-30
101881,A0063,4216.29,2024-10-22
101882,A0229,374.51,2024-11-13
101883,A0034,2835.18,2024-10-04
101884,A0013,2469.01,2024-10-14
101885,A0110,2012.16,2024-11-20
101886,A0229,939.38,2024-12-15
101887,A0180,3301.23,2024-11-27
101888,A0086,3232.26,2024-10-26
101889,A0208,3738.64,2024-12-08
101890,A0194,412.80,2024-11-29
101891,A0209,2977.85,2024-12-29
101892,A0080,2456.11,2024-12-27
101893,A0120,3379.60,2024-11-30
101894,A0037,1215.74,2024-12-18
101895,A0101,1353.93,2024-10-24
101896,A0085,3668.99,2024-11-11
101897,A0017,2377.50,2024-11-30
101898,A0119,592.85,2024-10-22
101899,A0155,1480.84,2024-12-13
101900,A0104,668.91,2024-12-31
101901,A0143,4178.30,2024-12-23
101902,A0137,372.84,2024-11-29
101903,A0062,2102.43,2024-12-19
101904,A0250,1278.64,2024-12-01
101905,A0054,2013.30,2024-12-28
101906,A0112,3099.38,2024-12-12
101907,A0178,4128.85,2024-10-31
101908,A0020,908.46,2024-12-31
101909,A0030,3011.40,2024-12-15
101910,A0143,3126.15,2024-10-13
101911,A0079,4310.76,2024-11-21
101912,A0176,365.94,2024-12-16
101913,A0084,4045.06,2024-12-03
101914,A0024,3382.60,2024-10-28
101915,A0149,4284.60,2024-12-21
101916,A0038,,2024-12-24
101917,A0075,783.32,2024-11-19
101918,A0051,3228.37,2024-10-27
101919,A0077,3574.11,2024-12-12
101920,A0078,4165.66,2024-11-25
101921,A0089,3764.29,2024-10-12
101922,A0131,,2024-11-21
101923,A0076,4445.05,2024-10-08
101924,A0248,1936.79,2024-10-07
101925,A0211,5.42,2024-11-15
101926,A0222,576.13,2024-10-04
101927,A0152,1234.34,2024-11-20
101928,A0098,3278.92,2024-11-21
101929,A0055,2001.49,2024-12-24
101930,A0049,910.16,2024-12-11
101931,A0093,2017.38,2024-11-23
101932,A0224,809.80,2024-12-25
101933,A0019,659.23,2024-12-22
101934,A0227,83.35,2024-12-02
101935,A0035,3450.43,2024-10-11
101936,A0107,720.42,2024-11-28
101937,A0155,4685.94,2024-11-24
101938,A0131,3268.61,2024-11-24
101939,A0099,2895.33,2024-11-15
101940,A0155,1184.53,2024-10-01
101941,A0188,3031.06,2024-10-31
101942,A0106,3734.61,2024-12-09
101943,A0010,3022.74,2024-12-12
101944,A0029,2534.71,2024-12-14
101945,A0021,2525.61,2024-10-19
101946,A0220,3829.27,2024-11-05
101947,A0134,2438.60,2024-12-18
101948,A0162,464.71,2024-12-24
101949,A0163,3507.00,2024-12-09
101950,A0157,4185.33,2024-10-07
101951,A0200,4738.38,2024-10-02
101952,A0232,2459.22,2024-11-30
101953,A0108,3010.23,2024-11-15
101954,A0043,4185.98,2024-10-05
101955,A0192,3645.06,2024-11-08
101956,A0067,3812.42,2024-10-08
101957,A0044,3300.34,2024-12-13
101958,A0075,271.63,2024-12-19
101959,A0022,144.12,2024-10-17
101960,A0201,2651.77,2024-11-05
101961,A0072,1322.47,2024-11-05
101962,A0190,4498.64,2024-10-15
101963,A0152,3166.76,2024-10-20
101964,A0207,3456.87,2024-10-23
101965,A0061,1370.71,2024-12-02
101966,A0221,948.96,2024-10-05
101967,A0248,1798.51,2024-10-19
101968,A0040,3123.36,2024-12-03
101969,A0198,3947.63,2024-11-19
101970,A0186,1248.52,2024-12-21
101971,A0188,878.04,2024-11-14
101972,A0194,285.82,2024-10-15
101973,A0103,276.37,2024-11-30
101974,A0243,1581.03,2024-12-08
101975,A0181,1226.05,2024-11-19
101976,A0136,2489.21,2024-11-25
101977,A0205,63.19,2024-11-27
101978,A0247,2003.80,2024-12-07
101979,A0025,3581.23,2024-12-08
101980,A0217,3342.93,2024-11-25
101981,A0220,3201.70,2024-11-04
101982,A0206,1757.19,2024-10-13
101983,A0101,1339.73,2024-11-29
101984,A0062,4054.53,2024-12-26
101985,A0134,3087.61,2024-11-13
101986,A0047,3554.19,2024-11-10
101987,A0003,,2024-10-09
101988,A0135,63.71,2024-10-14
101989,A0057,3594.99,2024-11-06
101990,A0007,1321.66,2024-12-19
101991,A0153,483.03,2024-12-24
101992,A0244,4687.96,2024-12-16
101993,A0246,3346.39,2024-10-16
101994,A0034,453.91,2024-11-18
101995,A0166,3442.39,2024-12-12
101996,A0230,4212.08,2024-10-15
101997,A0076,3648.22,2024-11-29
101998,A0164,3463.80,2024-11-28
101999,A0197,4838.58,2024-11-24
102000,A0198,3630.23,2024-11-11
102001,A0019,1350.18,2024-11-05
102002,A0100,4075.27,2024-11-12
102003,A0209,315.88,2024-11-03
102004,A0126,933.86,2024-10-26
102005,A0166,3200.73,2024-12-02
102006,A0197,569.48,2024-11-25
102007,A0028,1145.97,2024-11-26
102008,A0009,3751.75,2024-10-10
102009,A0065,370.16,2024-11-27
102010,A0039,99.38,2024-12-23
102011,A0010,,2024-12-25
102012,A0180,2048.25,2024-11-12
102013,A0001,4743.80,2024-12-05
102014,A0126,3710.89,2024-12-01
102015,A0187,2287.19,2024-10-09
102016,A0099,2832.83,2024-12-28
102017,A0032,4289.55,2024-12-12
102018,A0092,2807.53,2024-11-12
102019,A0015,3575.78,2024-12-20
102020,A0137,3393.53,2024-11-13
102021,A0195,422.82,2024-11-07
102022,A0142,3397.29,2024-10-06
102023,A0077,2015.12,2024-12-29
102024,A0162,2046.27,2024-12-28
102025,A0227,1884.56,2024-12-20
102026,A0036,2297.29,2024-10-05
102027,A0152,-1013.36,2024-10-31
102028,A0203,2565.98,2024-12-09
102029,A0137,3374.30,2024-11-27
102030,A0015,-87.07,2024-11-13
102031,A0104,4131.22,2024-10-16
102032,A0171,1110.80,2024-12-06
102033,A0223,2404.18,2024-12-08
102034,A0060,781.94,2024-10-10
102035,A0126,194.34,2024-12-23
102036,A0236,100.94,2024-12-19
102037,A0167,241.13,2024-10-17
102038,A0013,76.31,2024-11-09
102039,A0117,4304.03,2024-12-18
102040,A0017,895.90,2024-10-14
102041,A0205,599.63,2024-12-18
102042,A0052,1157.43,2024-11-24
102043,A0189,1769.64,2024-12-26
102044,A0250,2108.68,2024-12-27
102045,A0083,3020.72,2024-10-28
102046,A0045,4007.75,2024-11-12
102047,A0037,332.46,2024-11-23
102048,A0142,882.07,2024-10-22
102049,A0149,2300.84,2024-10-06
102050,A0217,700.24,2024-12-20
102051,A0041,3211.95,2024-10-03
102052,A0002,4612.77,2024-10-01
102053,A0181,941.64,2024-12-23
102054,A0107,3113.85,2024-12-28
102055,A0122,4234.16,2024-12-28
102056,A0164,666.28,2024-11-04
102013,A0001,4743.80,2024-12-05
102057,A0062,2743.48,2024-10-23
102058,A0153,3201.97,2024-10-24
102059,A0244,3761.18,2024-10-12
102060,A0078,3289.29,2024-11-14
102061,A0061,,2024-10-25
102062,A0025,617.07,2024-12-19
102063,A0139,1898.40,2024-12-04
102064,A0161,1150.63,2024-12-24
102065,A0050,1092.08,2024-10-15
102066,A0217,4177.54,2024-11-30
102067,A0172,2609.41,2024-10-06
102068,A0073,284.26,2024-10-27
102069,A0158,2279.93,2024-11-28
102070,A0014,228.10,2024-12-08
102071,A0008,923.15,2024-12-02
102072,A0230,2700.57,2024-10-31
102073,A0149,3783.22,2024-11-11
102074,A0174,2198.11,2024-11-11
102075,A0084,1207.19,2024-10-30
102076,A0106,515.13,2024-10-26
102077,A0019,1969.87,2024-11-30
102078,A0228,3068.56,2024-11-25
102079,A0157,760.90,2024-11-28
102080,A0035,934.55,2024-11-28
102081,A0092,3774.93,2024-11-04
102082,A0009,1061.16,2024-12-28
102083,A0035,2982.44,2024-10-15
102084,A0108,4466.10,2024-10-22
102085,A0227,3987.36,2024-11-07
102086,A0204,3165.79,2024-12-21
102087,A0044,4996.20,2024-12-13
102088,A0023,2899.03,2024-11-22
102089,A0221,4494.01,2024-10-28
102090,A0119,3102.58,2024-11-05
102091,A0189,77.04,2024-11-01
102092,A0149,1300.35,2024-10-29
102093,A0243,4676.71,2024-10-20
102094,A0002,4791.70,2024-11-23
102095,A0121,232.86,2024-12-04
102096,A0101,177.26,2024-12-01
102097,A0211,4246.24,2024-10-13
102098,A0022,2373.09,2024-12-11
102099,A0188,,2024-11-22
102100,A0092,4981.38,2024-11-07
102101,A0024,1254.37,2024-10-03
102102,A0042,2516.44,2024-12-30
102103,A0192,2408.96,2024-12-14
102104,A0119,128.99,2024-10-18
102105,A0048,4584.32,2024-11-17
102106,A0163,3287.29,2024-10-01
102107,A0099,4511.88,2024-12-28
102108,A0076,1746.38,2024-11-24
102109,A0243,3948.30,2024-12-18
102110,A0054,2844.92,2024-12-27
102111,A0086,425.45,2024-10-08
102112,A0173,2699.70,2024-11-16
102113,A0099,4656.56,2024-11-16
102114,A0094,2440.78,2024-11-16
102115,A0181,919.90,2024-10-09
102116,A0053,2940.98,2024-10-18
102117,A0030,1756.99,2024-12-23
102118,A0193,2509.68,2024-12-14
102119,A0054,4568.23,2024-10-29
102120,A0069,1681.15,2024-12-04
102121,A0014,3567.34,2024-10-09
102122,A0125,1955.61,2024-12-04
102123,A0121,2762.33,2024-12-30
102124,A0137,2789.71,2024-11-07
102125,A0205,2370.66,2024-12-26
102126,A0241,4957.43,2024-10-09
102127,A0118,988.51,2024-10-12
102128,A0046,421.32,2024-11-06
102129,A0071,404.42,2024-10-15
102130,A0039,3655.71,2024-10-27
102131,A0006,2730.90,2024-11-07
102132,A0139,2184.85,2024-10-17
102133,A0114,2485.62,2024-12-22
102134,A0017,113.62,2024-10-03
102135,A0214,4571.70,2024-12-06
102136,A0149,3380.93,2024-11-13
102137,A0084,3439.07,2024-12-02
102138,A0136,3111.90,2024-12-10
102139,A0146,2335.42,2024-10-17
102140,A0044,4710.58,2024-11-03
102141,A0249,1189.99,2024-11-06
102142,A0038,4036.70,2024-11-15
102143,A0043,1491.98,2024-12-19
102144,A0138,4846.11,2024-11-06
102145,A0215,956.67,2024-12-30
102146,A0204,3633.57,2024-10-20
102147,A0011,846.43,2024-11-10
102148,A0067,3013.16,2024-11-17
102149,A0182,968.29,2024-10-05
102150,A0089,3490.41,2024-10-19
102151,A0250,1956.14,2024-10-21
102152,A0236,2798.82,2024-10-04
102153,A0197,2122.07,2024-10-19
102154,A0082,4970.14,2024-10-20
102155,A0140,23.51,2024-12-04
102156,A0076,1737.86,2024-11-30
102157,A0242,4698.50,2024-12-13
102158,A0145,3497.41,2024-11-26
102159,A0188,1776.68,2024-12-01
102160,A0174,4720.50,2024-12-10
102161,A0103,613.76,2024-12-19
102162,A0092,4409.61,2024-10-12
102163,A0165,1712.10,2024-10-25
102164,A0201,3059.86,2024-11-05
102165,A0138,-1027.11,2024-11-27
102166,A0023,3550.76,2024-12-05
102167,A0082,2068.91,2024-12-17
102168,A0015,3173.35,2024-12-25
102169,A0184,1894.01,2024-11-24
102170,A0004,1938.92,2024-11-06
102171,A0115,1809.37,2024-12-11
102172,A0228,460.26,2024-11-26
102173,A0206,3888.74,2024-11-26
102174,A0187,1514.27,2024-11-24
102175,A0036,3820.99,2024-12-15
102176,A0054,3135.90,2024-11-08
102177,A0135,2489.33,2024-11-12
102178,A0152,347.63,2024-11-18
102179,A0164,,2024-11-04
102180,A0119,2174.24,2024-12-30
102181,A0036,2978.51,2024-10-26
102182,A0075,976.20,2024-12-10
102183,A0212,2573.08,2024-11-08
102184,A0127,4376.63,2024-12-11
102185,A0007,3879.97,2024-10-01
102186,A0245,808.52,2024-12-21
102187,A0032,4374.83,2024-12-23
102188,A0107,3492.30,2024-10-23
102189,A0166,2579.90,2024-11-01
102190,A0071,150.12,2024-12-03
102191,A0093,350.83,2024-12-14
102192,A0223,2520.12,2024-11-03
102193,A0250,3293.50,2024-12-28
102194,A0132,4291.14,2024-12-13
102195,A0042,92.98,2024-12-14
102196,A0119,307.76,2024-12-28
102197,A0014,711.39,2024-11-04
102198,A0234,1894.53,2024-11-15
102199,A0136,256.40,2024-12-21
102200,A0050,4909.99,2024-12-20
102201,A0154,961.74,2024-10-22
102202,A0081,2851.61,2024-12-27
102203,A0176,4194.66,2024-12-29
102204,A0137,3609.91,2024-12-14
102205,A0004,1844.55,2024-10-18
102206,A0200,2717.70,2024-12-02
102207,A0234,2161.03,2024-10-21
102208,A0129,537.96,2024-10-29
102209,A0230,4360.84,2024-12-11
102210,A0244,3217.13,2024-12-07
102211,A0142,4436.84,2024-12-29
102212,A0107,3966.22,2024-11-28
102213,A0210,4803.64,2024-10-17
102214,A0090,,2024-11-09
102215,A0210,3624.09,2024-11-26
102216,A0134,4665.72,2024-11-13
102217,A0008,903.86,2024-10-16
102218,A0178,1166.79,2024-10-19
102219,A0033,3608.34,2024-10-27
102220,A0109,683.71,2024-12-28
102221,A0020,4001.44,2024-10-03
102222,A0111,4062.61,2024-10-06
102223,A0204,1030.44,2024-12-24
102224,A0121,2693.10,2024-10-16
102225,A0017,4764.31,2024-11-08
102226,A0025,,2024-10-16
102227,A0151,4824.96,2024-10-26
102228,A0008,969.78,2024-10-12
102229,A0242,764.13,2024-11-05
102230,A0091,4975.40,2024-10-21
102231,A0187,4484.38,2024-12-18
102232,A0018,1268.84,2024-10-13
102233,A0004,4297.99,2024-12-07
102234,A0247,1138.69,2024-11-06
102235,A0138,901.58,2024-10-01
102236,A0055,3803.91,2024-12-04
102237,A0094,4464.24,2024-12-29
102238,A0173,3091.05,2024-10-14
102239,A0098,949.16,2024-11-24
102240,A0105,1124.41,2024-10-15
102241,A0032,3992.97,2024-11-29
102242,A0127,579.37,2024-11-16
102243,A0185,3695.81,2024-10-06
102244,A0030,432.21,2024-11-19
102245,A0189,1487.94,2024-11-09
102246,A0114,3603.10,2024-10-29
102247,A0219,2905.11,2024-11-24
102248,A0230,990.77,2024-11-30
102249,A0046,4924.49,2024-10-02
102250,A0027,3535.53,2024-11-20
102251,A0174,2297.68,2024-10-11
102252,A0103,626.04,2024-12-28
102253,A0190,3097.22,2024-10-22
102254,A0051,340.26,2024-11-13
102255,A0104,1050.95,2024-10-16
102256,A0186,1221.90,2024-12-03
102257,A0197,1461.23,2024-12-14
102258,A0203,3113.43,2024-12-22
102259,A0122,4946.21,2024-12-25
102260,A0125,3163.32,2024-12-05
102261,A0117,1463.19,2024-10-14
102262,A0128,641.62,2024-10-30
102263,A0008,3295.47,2024-10-13
102264,A0018,3869.18,2024-12-03
102265,A0046,-3556.23,2024-11-18
102266,A0040,3170.76,2024-11-08
102267,A0195,3261.89,2024-10-10
102268,A0197,3466.96,2024-12-03
102269,A0076,4157.19,2024-12-24
102270,A0067,2611.42,2024-12-09
102271,A0139,1802.53,2024-12-09
102272,A0009,93.64,2024-11-25
102273,A0099,4615.39,2024-11-27
102274,A0114,1650.19,2024-11-28
102275,A0143,-189.64,2024-12-24
102276,A0227,4511.76,2024-12-30
102277,A0035,861.58,2024-11-09
102278,A0196,3753.45,2024-10-15
102279,A0169,2983.43,2024-12-10
102280,A0121,3594.33,2024-11-30
102281,A0130,2948.83,2024-10-08
102282,A0152,2052.98,2024-11-18
102283,A0197,3235.54,2024-11-06
102284,A0152,1681.25,2024-10-06
102285,A0090,673.12,2024-12-14
102286,A0161,142.03,2024-11-13
102287,A0089,1996.30,2024-11-15
102288,A0170,2160.69,2024-11-01
102289,A0080,1299.21,2024-12-15
102290,A0017,446.33,2024-11-09
102291,A0006,601.15,2024-12-08
102292,A0169,-1710.79,2024-11-24
102293,A0108,2979.21,2024-11-04
102294,A0151,107.96,2024-10-03
102295,A0100,1660.44,2024-11-11
102296,A0126,3002.75,2024-10-13
102297,A0087,3623.11,2024-12-03
102298,A0171,2636.95,2024-11-13
102299,A0094,874.60,2024-11-25
102300,A0217,1058.79,2024-10-10
102301,A0055,4407.01,2024-11-06
102302,A0147,1391.17,2024-11-21
102303,A0191,4219.43,2024-10-12
102304,A0025,3763.85,2024-12-15
102305,A0146,1767.00,2024-12-07
102306,A0089,2492.77,2024-10-10
102307,A0130,3416.92,2024-11-08
102308,A0081,2270.69,2024-10-26
102309,A0160,2173.19,2024-12-05
102310,A0141,2377.22,2024-10-24
102311,A0181,,2024-12-06
102312,A0128,4524.08,2024-10-28
102313,A0191,3465.52,2024-11-29
102314,A0137,1405.75,2024-12-18
102315,A0112,4471.99,2024-12-12
102316,A0134,3810.55,2024-10-26
102317,A0062,1910.84,2024-10-20
102318,A0077,3914.46,2024-11-25
102319,A0213,2151.94,2024-10-09
102320,A0106,3324.60,2024-11-04
102321,A0042,4319.61,2024-11-02
102322,A0104,3602.09,2024-10-31
102323,A0008,596.37,2024-11-01
102324,A0119,4179.81,2024-12-02
102325,A0109,2936.09,2024-12-22
102326,A0041,-4749.24,2024-11-04
102327,A0203,-716.28,2024-11-05
102328,A0165,3454.33,2024-10-06
102329,A0006,3788.84,2024-10-08
102330,A0081,4507.69,2024-12-17
102331,A0231,1563.26,2024-11-22
102332,A0169,4702.67,2024-10-12
102333,A0186,2081.87,2024-10-18
102334,A0189,1238.53,2024-12-04
102335,A0171,4892.26,2024-12-14
102336,A0135,4980.02,2024-11-02
102337,A0061,2603.83,2024-12-16
102338,A0081,642.08,2024-11-12
102339,A0100,4364.82,2024-10-31
102340,A0037,4905.71,2024-10-14
102341,A0071,919.31,2024-11-26
102342,A0151,2142.06,2024-10-08
102343,A0180,2571.89,2024-10-15
102344,A0122,1660.31,2024-12-27
102345,A0226,1292.56,2024-10-19
102346,A0095,1904.15,2024-11-09
102347,A0232,111.48,2024-12-17
102348,A0170,183.50,2024-10-07
102349,A0172,3622.16,2024-10-31
104937,A0225,615.52,2024-11-07
102350,A0080,1327.35,2024-12-21
102351,A0208,3674.24,2024-12-27
102352,A0061,640.91,2024-11-26
102353,A0246,,2024-11-20
102354,A0066,4863.80,2024-11-08
102355,A0194,474.17,2024-10-31
102356,A0228,1560.35,2024-10-21
102357,A0082,4802.90,2024-12-22
102358,A0071,2131.12,2024-10-11
102359,A0126,4316.92,2024-11-30
102360,A0216,3864.69,2024-11-12
102361,A0236,3762.16,2024-10-13
102362,A0067,4323.23,2024-12-04
102363,A0155,348.95,2024-12-10
102364,A0178,3869.12,2024-10-04
102365,A0165,3995.94,2024-10-24
102366,A0165,3304.83,2024-10-18
102367,A0161,17.12,2024-11-09
102368,A0029,1645.80,2024-10-21
102369,A0249,1309.64,2024-12-23
102370,A0153,4002.17,2024-12-27
102371,A0082,2152.23,2024-11-27
102372,A0035,2509.01,2024-11-03
102373,A0212,910.52,2024-11-11
102374,A0022,4192.83,2024-11-23
102375,A0225,1928.28,2024-11-18
102376,A0147,4954.24,2024-10-29
102377,A0237,109.70,2024-12-11
102378,A0059,3393.70,2024-10-12
102379,A0180,2425.43,2024-10-22
102380,A0110,262.00,2024-12-16
102381,A0246,1364.97,2024-11-17
102382,A0031,892.93,2024-10-02
102383,A0198,3768.44,2024-11-28
102384,A0031,4338.21,2024-10-29
102385,A0243,3742.12,2024-11-04
102386,A0098,1510.75,2024-10-17
102387,A0154,2262.29,2024-10-28
102388,A0174,4321.59,2024-10-25
102389,A0203,2194.25,2024-10-19
102390,A0068,151.85,2024-10-31
102391,A0064,3239.42,2024-11-17
102392,A0118,3057.09,2024-10-11
102393,A0224,55.10,2024-11-11
102394,A0055,3634.43,2024-12-31
102395,A0189,2011.62,2024-12-16
102396,A0143,1344.36,2024-10-08
102397,A0061,274.22,2024-11-30
102398,A0156,4762.72,2024-12-25
102399,A0192,4207.09,2024-10-06
102400,A0159,29.10,2024-11-18
102401,A0172,1587.00,2024-11-17
102402,A0144,694.30,2024-10-06
102403,A0044,3044.42,2024-12-04
102404,A0225,2584.90,2024-11-29
102405,A0182,692.63,2024-12-07
102406,A0030,2270.79,2024-11-10
102407,A0128,232.53,2024-11-05
102408,A0111,3921.74,2024-11-06
102409,A0157,4734.23,2024-11-03
102410,A0229,2711.42,2024-10-22
102411,A0126,1655.35,2024-10-20
102412,A0169,2914.33,2024-12-21
102413,A0049,4185.97,2024-10-20
102414,A0010,287.08,2024-11-30
102415,A0120,1365.32,2024-11-25
102416,A0238,609.30,2024-12-03
102417,A0182,214.86,2024-12-11
102418,A0029,2544.84,2024-10-19
102419,A0053,649.30,2024-11-06
102420,A0192,948.15,2024-12-05
102421,A0229,4313.64,2024-12-24
102422,A0249,3071.63,2024-10-01
102423,A0047,2758.83,2024-11-23
102424,A0197,4826.61,2024-12-03
102425,A0085,3549.95,2024-10-04
102426,A0175,1491.45,2024-10-16
102427,A0238,2067.58,2024-10-14
102428,A0008,4389.17,2024-10-11
102429,A0169,2413.94,2024-12-01
102430,A0069,2381.55,2024-12-16
102431,A0249,,2024-10-06
102432,A0116,3441.23,2024-11-11
102433,A0188,4968.20,2024-12-12
102434,A0013,679.01,2024-12-22
101369,A0017,,2024-10-27
102435,A0015,1484.49,2024-10-10
102436,A0098,2869.67,2024-10-12
102437,A0062,2092.16,2024-11-21
102438,A0054,-468.60,2024-10-21
102439,A0073,2037.87,2024-12-22
102440,A0040,3946.57,2024-10-16
102441,A0111,1566.24,2024-11-09
104989,A0057,2509.87,2024-12-14
102442,A0034,4739.17,2024-11-15
102443,A0095,3490.24,2024-12-05
102444,A0227,1048.90,2024-11-19
102445,A0154,2498.91,2024-11-24
102446,A0208,474.02,2024-11-17
102447,A0162,3219.43,2024-11-24
102448,A0088,488.31,2024-11-29
102449,A0176,3547.49,2024-12-31
102450,A0135,814.01,2024-12-20
102451,A0075,3394.32,2024-11-29
102452,A0206,2294.00,2024-12-01
102453,A0033,1575.92,2024-12-27
102454,A0064,4734.81,2024-12-06
102455,A0013,2243.54,2024-12-10
102456,A0132,402.25,2024-10-14
102457,A0025,2678.28,2024-11-29
102458,A0209,3465.78,2024-11-02
102459,A0021,1864.62,2024-12-04
102460,A0170,86.29,2024-11-29
102461,A0216,942.37,2024-11-20
102462,A0225,238.28,2024-12-30
102463,A0186,1561.53,2024-11-28
102464,A0160,3971.71,2024-11-03
102465,A0224,1790.57,2024-10-24
102466,A0192,1107.60,2024-12-17
102467,A0028,1360.57,2024-11-25
102468,A0102,,2024-10-15
102469,A0123,70.75,2024-11-28
102470,A0169,3628.05,2024-12-17
102471,A0159,3806.86,2024-12-18
102472,A0247,1892.25,2024-12-28
102473,A0078,3540.48,2024-10-12
102474,A0049,656.82,2024-10-15
102475,A0249,,2024-10-25
102476,A0124,-4504.69,2024-12-23
102477,A0112,762.02,2024-12-20
102478,A0049,4500.38,2024-10-12
102479,A0038,1578.67,2024-11-30
102480,A0043,-2212.86,2024-10-20
102481,A0247,3874.34,2024-12-02
102482,A0116,,2024-12-14
102483,A0146,1273.07,2024-11-20
102484,A0027,267.97,2024-12-20
102485,A0107,4445.01,2024-12-03
102486,A0188,3865.41,2024-12-10
102487,A0103,-1525.49,2024-12-02
102488,A0157,2692.46,2024-12-26
102489,A0125,4746.18,2024-10-30
102490,A0005,3745.93,2024-11-24
102491,A0017,3023.01,2024-11-04
102492,A0228,4682.24,2024-11-30
102493,A0241,614.10,2024-12-22
102494,A0112,1819.04,2024-10-03
102495,A0050,846.85,2024-11-30
102496,A0130,1803.75,2024-10-29
102497,A0087,3082.02,2024-12-17
102498,A0169,4475.55,2024-11-29
102499,A0186,688.64,2024-12-31
102500,A0214,2047.66,2024-12-26
102501,A0204,3421.98,2024-11-30
102502,A0042,4194.01,2024-12-19
102503,A0192,1087.36,2024-10-12
102504,A0045,3498.29,2024-10-26
102505,A0026,820.53,2024-11-23
102506,A0078,4945.32,2024-10-31
102507,A0005,1099.03,2024-11-15
102508,A0174,4619.48,2024-10-21
102509,A0229,917.00,2024-12-04
102510,A0087,168.61,2024-11-25
102511,A0031,598.52,2024-12-11
102512,A0088,1175.90,2024-11-15
102513,A0225,4034.73,2024-12-11
102514,A0219,1403.42,2024-12-28
102515,A0172,4581.68,2024-10-14
102516,A0243,3704.59,2024-11-26
102517,A0216,4189.99,2024-10-15
102518,A0157,556.17,2024-10-14
102519,A0130,4319.08,2024-10-14
102520,A0223,876.80,2024-10-27
102521,A0187,4777.18,2024-11-07
102522,A0130,3713.81,2024-12-03
102523,A0040,3841.68,2024-12-22
102524,A0036,1908.02,2024-10-16
102525,A0249,4450.08,2024-11-23
102526,A0063,4033.92,2024-11-30
102527,A0044,1790.50,2024-10-11
102528,A0194,1395.68,2024-11-23
102529,A0063,1891.81,2024-10-20
102530,A0108,3949.97,2024-10-30
102531,A0106,724.48,2024-11-22
102532,A0219,4709.44,2024-12-06
102533,A0242,4167.03,2024-10-04
102534,A0003,2321.38,2024-12-31
102535,A0018,4228.05,2024-10-11
102536,A0198,1774.68,2024-10-22
102537,A0195,2276.78,2024-10-05
102538,A0039,3462.22,2024-12-13
102539,A0183,304.08,2024-12-24
102540,A0076,4592.78,2024-11-23
102541,A0180,2108.65,2024-12-10
102542,A0191,4580.89,2024-11-10
102543,A0212,4767.98,2024-11-05
102544,A0236,4720.68,2024-10-19
102545,A0165,3672.56,2024-10-27
102546,A0202,4654.47,2024-12-19
102547,A0089,3419.55,2024-12-23
102548,A0226,2121.77,2024-11-08
102549,A0086,-442.87,2024-11-19
102550,A0226,3802.60,2024-10-17
102551,A0073,2729.76,2024-10-28
102552,A0080,487.64,2024-12-06
102553,A0041,1787.29,2024-10-03
102554,A0139,147.23,2024-12-15
102555,A0199,1357.28,2024-11-08
102556,A0130,3810.00,2024-10-15
102557,A0096,3838.71,2024-11-03
102558,A0032,3288.23,2024-10-07
102559,A0032,3967.55,2024-11-27
102560,A0002,1563.17,2024-11-28
102561,A0207,1778.23,2024-12-14
102562,A0241,2966.35,2024-12-20
102288,A0170,2160.69,2024-11-01
102563,A0153,3490.24,2024-10-30
102564,A0171,1837.77,2024-12-31
102565,A0183,3003.94,2024-11-18
102566,A0027,2725.54,2024-11-11
102567,A0211,2708.69,2024-11-16
102568,A0183,2382.89,2024-11-24
102569,A0024,4344.39,2024-10-08
102570,A0122,2228.63,2024-10-28
102571,A0174,2340.18,2024-12-07
102572,A0133,2112.58,2024-11-20
102573,A0128,4572.86,2024-12-21
102574,A0177,2220.95,2024-12-02
102575,A0211,3837.30,2024-10-21
102576,A0125,757.78,2024-12-31
102577,A0181,2400.73,2024-12-05
102578,A0178,4527.02,2024-10-28
102579,A0192,2388.77,2024-10-21
102580,A0236,4950.64,2024-10-16
102581,A0029,3155.11,2024-10-16
102582,A0011,1938.69,2024-12-06
102583,A0079,804.75,2024-11-17
102584,A0008,1590.95,2024-10-19
102585,A0108,746.22,2024-10-07
102586,A0228,4912.63,2024-11-06
102587,A0190,1131.26,2024-12-02
102588,A0090,11.93,2024-10-09
102589,A0124,4564.54,2024-12-13
102590,A0231,1624.72,2024-11-13
102591,A0214,4097.52,2024-12-17
102592,A0130,697.30,2024-12-21
102593,A0171,2417.63,2024-11-27
102594,A0084,782.09,2024-10-12
102595,A0160,4194.31,2024-11-22
102596,A0102,2031.22,2024-11-13
102597,A0172,2837.36,2024-11-26
102598,A0023,3859.30,2024-10-22
102599,A0162,-3708.80,2024-12-30
102600,A0032,1620.25,2024-12-22
102601,A0245,2933.61,2024-12-19
102602,A0014,2841.77,2024-12-12
102603,A0122,2736.49,2024-12-04
102604,A0169,,2024-12-08
102605,A0071,943.37,2024-10-27
102606,A0215,1287.00,2024-12-14
102607,A0137,2330.04,2024-12-17
102608,A0012,1680.98,2024-12-02
102609,A0088,4520.22,2024-11-25
102610,A0221,947.38,2024-12-07
102611,A0024,1664.99,2024-10-15
102612,A0074,521.79,2024-10-19
102613,A0023,958.71,2024-10-20
102614,A0174,1609.48,2024-10-22
102615,A0084,309.87,2024-10-24
102616,A0077,143.45,2024-11-19
102617,A0106,518.70,2024-11-11
102618,A0212,1353.31,2024-10-16
102619,A0193,272.99,2024-12-16
102620,A0131,3073.48,2024-12-04
102621,A0069,2019.76,2024-10-08
102622,A0105,1669.99,2024-10-09
102623,A0163,-2539.45,2024-10-30
102624,A0069,4791.60,2024-12-10
102625,A0064,3074.23,2024-12-11
102626,A0078,3417.00,2024-12-12
102627,A0217,2133.52,2024-12-21
102628,A0248,2624.70,2024-10-19
102629,A0044,1958.19,2024-11-01
102630,A0247,2819.23,2024-12-11
102631,A0209,2369.42,2024-11-29
102632,A0168,4349.29,2024-10-22
102633,A0236,3.84,2024-12-01
102634,A0215,1433.89,2024-12-27
102635,A0216,1994.09,2024-12-20
102636,A0131,1116.44,2024-11-06
102637,A0137,239.47,2024-12-12
102638,A0102,367.66,2024-12-29
102639,A0186,645.75,2024-12-11
102640,A0054,1466.16,2024-12-18
102641,A0082,2647.71,2024-12-27
102642,A0067,4957.66,2024-12-30
102643,A0170,2374.54,2024-11-11
102644,A0246,1792.12,2024-12-16
102645,A0178,,2024-10-18
102646,A0156,3390.22,2024-11-30
102647,A0173,23.43,2024-10-23
102648,A0179,2167.16,2024-12-30
102649,A0138,2564.64,2024-10-11
102650,A0167,4128.74,2024-10-10
102651,A0214,-2825.07,2024-12-25
102652,A0091,2335.00,2024-11-18
102653,A0100,4339.30,2024-10-23
102654,A0179,4400.54,2024-10-02
102655,A0240,655.12,2024-10-25
102656,A0191,,2024-10-03
102657,A0236,3977.31,2024-12-30
102658,A0209,1877.01,2024-12-18
102659,A0184,3279.04,2024-10-29
102660,A0248,1229.18,2024-11-16
102661,A0232,193.91,2024-12-30
102662,A0002,3707.54,2024-10-26
102663,A0029,4306.05,2024-11-05
102664,A0044,2984.73,2024-12-10
102665,A0145,1016.91,2024-12-26
102666,A0045,3578.65,2024-10-09
102667,A0017,3084.67,2024-10-17
102668,A0220,1362.17,2024-10-30
102669,A0201,4619.99,2024-11-05
102670,A0006,1006.85,2024-12-28
102671,A0065,3554.28,2024-12-27
102672,A0001,2937.62,2024-11-24
102673,A0167,3361.50,2024-10-07
102674,A0111,4477.68,2024-11-22
102675,A0133,1437.73,2024-11-29
102676,A0195,2599.23,2024-10-06
102677,A0013,4634.67,2024-11-05
102678,A0115,4816.01,2024-11-10
102679,A0086,28.04,2024-10-11
102680,A0007,4615.25,2024-10-29
102681,A0020,3616.22,2024-11-01
102682,A0080,1033.20,2024-10-09
102683,A0008,3283.01,2024-12-01
102684,A0152,2265.65,2024-12-20
102685,A0065,4903.41,2024-11-01
102686,A0246,566.39,2024-11-13
102687,A0086,4365.78,2024-12-06
102688,A0019,4164.42,2024-12-16
102689,A0025,3249.31,2024-12-20
102690,A0022,2341.71,2024-10-08
102691,A0081,-4807.22,2024-12-28
102692,A0016,341.93,2024-11-26
102693,A0161,288.25,2024-11-25
102694,A0015,345.93,2024-12-11
102695,A0098,274.69,2024-11-21
102696,A0106,503.42,2024-10-30
102697,A0169,4533.90,2024-12-19
102698,A0119,56.60,2024-11-24
102699,A0026,4614.41,2024-11-13
102700,A0201,3413.70,2024-10-04
102701,A0151,2381.66,2024-10-25
102702,A0153,567.26,2024-12-31
102703,A0216,355.12,2024-10-25
102704,A0164,4742.50,2024-12-05
102705,A0124,1344.67,2024-12-19
102706,A0036,2332.11,2024-10-06
102707,A0150,318.14,2024-11-25
102708,A0194,2691.25,2024-11-15
102709,A0139,1632.52,2024-10-19
102710,A0155,773.84,2024-11-13
102711,A0003,1527.01,2024-12-06
102712,A0038,3075.63,2024-10-08
102713,A0214,1245.59,2024-12-11
102714,A0089,4503.07,2024-10-26
102715,A0052,1051.52,2024-10-09
102716,A0122,1791.71,2024-12-28
102717,A0154,3628.23,2024-12-28
102718,A0145,1737.15,2024-11-12
102719,A0085,3231.15,2024-10-21
102720,A0203,550.70,2024-10-06
102721,A0001,2601.10,2024-12-21
102722,A0120,1170.29,2024-12-19
102723,A0189,1118.45,2024-11-12
102724,A0053,4233.42,2024-11-21
102725,A0002,966.97,2024-11-16
102726,A0008,52.86,2024-12-11
102727,A0113,604.92,2024-10-25
102728,A0196,3311.01,2024-11-16
102729,A0051,231.18,2024-10-26
102730,A0227,1490.50,2024-11-03
102731,A0217,3769.77,2024-12-10
102732,A0006,1290.56,2024-10-23
102733,A0026,4420.12,2024-10-03
102734,A0098,4360.17,2024-12-23
102735,A0087,4129.31,2024-10-27
102736,A0095,1600.45,2024-11-17
102737,A0135,3466.06,2024-12-19
102738,A0183,4623.45,2024-10-09
102739,A0237,622.24,2024-10-17
102740,A0137,4168.55,2024-11-18
102741,A0154,3641.41,2024-11-24
102742,A0012,3336.22,2024-12-18
102743,A0138,3080.27,2024-11-07
102744,A0064,4140.71,2024-10-07
102745,A0224,3301.17,2024-10-17
102746,A0150,4465.32,2024-12-02
102747,A0201,1098.00,2024-11-30
102748,A0017,4148.10,2024-10-22
102749,A0226,2667.60,2024-12-22
102750,A0128,3939.11,2024-12-06
102751,A0183,2435.09,2024-11-17
102752,A0184,2756.00,2024-12-03
102753,A0103,2484.85,2024-12-21
102754,A0167,4830.66,2024-10-05
102755,A0052,1087.32,2024-11-27
102756,A0056,4526.48,2024-11-09
102757,A0147,2229.34,2024-10-21
102758,A0066,4905.70,2024-12-10
102759,A0022,445.38,2024-11-07
102760,A0059,2331.48,2024-12-14
102761,A0160,216.70,2024-11-13
102762,A0111,2235.00,2024-11-22
102763,A0082,1927.82,2024-11-04
102764,A0114,-2005.72,2024-10-30
102765,A0092,1393.63,2024-10-11
102766,A0132,1545.12,2024-12-09
102767,A0071,3375.60,2024-10-30
102768,A0093,516.94,2024-10-05
102769,A0051,2863.74,2024-12-26
102770,A0191,1727.17,2024-12-27
102771,A0181,4433.58,2024-12-17
102772,A0193,723.81,2024-12-31
102773,A0067,3879.79,2024-10-02
102774,A0211,4038.41,2024-11-14
102775,A0243,4106.84,2024-11-21
102776,A0168,4309.92,2024-10-02
102777,A0195,2475.66,2024-10-20
102778,A0059,4538.53,2024-10-27
102779,A0151,2488.42,2024-12-10
102780,A0209,3973.11,2024-11-29
102781,A0081,1787.03,2024-10-25
102782,A0179,2249.11,2024-11-23
102783,A0219,1099.82,2024-12-11
102784,A0148,158.83,2024-10-17
102785,A0003,1603.07,2024-12-03
102786,A0091,4249.83,2024-11-13
102787,A0176,1183.22,2024-11-21
102788,A0138,4000.48,2024-11-08
102789,A0146,1710.59,2024-10-05
102790,A0244,4835.69,2024-11-12
102791,A0155,2979.95,2024-12-17
102792,A0098,3009.77,2024-10-27
102793,A0137,4974.88,2024-11-19
102794,A0085,988.43,2024-12-12
102795,A0078,2368.34,2024-10-12
102796,A0142,899.75,2024-10-23
102797,A0155,169.08,2024-12-02
102798,A0018,141.71,2024-11-19
102799,A0075,1489.02,2024-12-24
102800,A0015,2750.34,2024-11-17
102801,A0084,,2024-11-22
102802,A0029,2051.51,2024-10-17
102803,A0191,2813.55,2024-10-09
102804,A0222,2040.44,2024-10-27
102805,A0080,682.21,2024-11-25
102806,A0122,4289.13,2024-10-21
102807,A0080,3166.17,2024-12-15
102808,A0176,1065.16,2024-11-28
102809,A0037,1445.10,2024-11-27
102810,A0155,336.38,2024-11-01
102811,A0146,2758.00,2024-12-02
102812,A0011,2413.79,2024-10-12
102813,A0236,1510.48,2024-11-28
102814,A0183,1819.13,2024-11-08
102815,A0208,2051.43,2024-10-23
102816,A0231,2177.07,2024-12-19
102817,A0099,3845.31,2024-12-24
102818,A0025,962.77,2024-11-20
102819,A0062,3663.91,2024-10-21
102820,A0138,1436.37,2024-11-07
102821,A0179,3496.20,2024-10-28
102822,A0196,4765.39,2024-12-10
102823,A0020,636.59,2024-10-14
102824,A0084,2645.48,2024-11-22
102825,A0054,2365.20,2024-12-04
102826,A0019,235.01,2024-12-21
102827,A0119,3642.10,2024-11-18
102828,A0220,1802.75,2024-10-25
102829,A0065,-2080.71,2024-10-15
102830,A0084,3718.72,2024-12-25
102831,A0119,3926.21,2024-10-09
102832,A0063,433.79,2024-12-31
102833,A0121,4981.83,2024-11-05
102834,A0215,4413.21,2024-10-03
102835,A0076,3183.36,2024-10-16
102836,A0044,2804.12,2024-10-10
102837,A0174,3521.02,2024-11-04
102838,A0046,805.76,2024-10-28
102839,A0173,-3746.57,2024-12-08
102840,A0013,1134.33,2024-12-21
102841,A0170,4255.65,2024-12-31
102842,A0100,3461.51,2024-12-28
102843,A0154,1617.50,2024-10-01
102844,A0197,256.14,2024-10-26
102845,A0233,4870.69,2024-10-31
102846,A0108,1049.50,2024-10-04
102847,A0050,77.33,2024-12-27
102848,A0246,3508.22,2024-10-13
102849,A0171,4179.17,2024-10-22
102850,A0107,3796.90,2024-12-05
102851,A0083,565.57,2024-12-11
102852,A0054,3287.16,2024-12-09
102853,A0031,2072.27,2024-10-30
102854,A0083,1121.82,2024-10-23
102855,A0081,79.61,2024-10-02
102856,A0057,2041.45,2024-10-09
102857,A0167,3450.61,2024-12-19
102858,A0227,1935.51,2024-10-28
102859,A0154,2156.33,2024-12-03
102860,A0203,534.79,2024-12-12
102861,A0025,899.93,2024-12-16
102862,A0179,1701.55,2024-11-19
102863,A0198,3555.15,2024-12-28
102864,A0163,697.94,2024-12-28
102865,A0171,1668.06,2024-12-01
102866,A0156,354.96,2024-12-14
102867,A0164,2354.58,2024-10-30
102868,A0004,2640.37,2024-10-30
102869,A0230,112.21,2024-10-16
102870,A0110,1620.25,2024-11-01
102871,A0036,3250.35,2024-11-17
102872,A0039,2615.76,2024-11-18
102873,A0061,1072.56,2024-12-16
102874,A0225,4960.11,2024-11-12
102875,A0165,704.94,2024-10-06
102876,A0107,2731.87,2024-12-22
102877,A0007,4261.94,2024-10-30
102878,A0088,4441.37,2024-11-01
102879,A0233,1080.07,2024-12-25
102880,A0179,1303.00,2024-10-29
102881,A0134,3189.00,2024-11-11
102882,A0002,963.30,2024-10-09
102883,A0245,4561.60,2024-10-25
102884,A0037,274.19,2024-10-27
102885,A0152,659.30,2024-12-10
102886,A0053,4358.99,2024-10-31
102887,A0186,2661.36,2024-11-29
102888,A0051,1633.96,2024-11-01
102889,A0064,2224.06,2024-11-08
102890,A0248,1497.07,2024-12-21
102891,A0201,1056.92,2024-12-01
102892,A0093,420.51,2024-11-20
102893,A0113,1981.32,2024-11-24
102894,A0111,2650.18,2024-10-20
102895,A0124,4298.08,2024-10-03
101466,A0124,3945.65,2024-12-24
102896,A0219,3995.70,2024-10-11
102897,A0077,3979.60,2024-12-16
102898,A0187,2817.46,2024-10-23
102899,A0079,1349.94,2024-11-28
102900,A0156,1485.91,2024-12-01
102901,A0184,378.17,2024-11-30
102902,A0049,1027.11,2024-10-01
102903,A0187,68.28,2024-11-17
102904,A0107,2577.63,2024-11-20
102905,A0126,3892.23,2024-11-09
102906,A0019,3361.94,2024-11-22
102907,A0236,-4640.94,2024-10-16
102908,A0042,2018.59,2024-10-25
102909,A0066,4001.05,2024-11-14
102910,A0163,2672.81,2024-12-28
102911,A0167,1931.32,2024-11-19
102912,A0064,4858.62,2024-11-01
102913,A0209,-2505.65,2024-11-16
102914,A0008,3309.00,2024-12-29
102915,A0067,3491.05,2024-12-17
102916,A0038,2388.97,2024-11-02
102917,A0244,1298.16,2024-12-24
102918,A0030,4412.96,2024-10-12
102919,A0099,3379.49,2024-11-20
102920,A0231,3702.83,2024-10-11
102921,A0225,2719.62,2024-11-24
102922,A0065,870.39,2024-12-28
102923,A0137,1585.50,2024-12-24
102924,A0079,4649.60,2024-11-22
102925,A0187,3946.06,2024-10-12
102926,A0199,573.91,2024-11-14
102927,A0192,4269.89,2024-10-27
102928,A0179,4876.96,2024-11-09
102929,A0209,34.66,2024-12-02
102930,A0199,9.27,2024-12-29
102931,A0168,2191.68,2024-11-06
102932,A0046,3844.25,2024-11-17
102933,A0051,978.27,2024-12-02
102934,A0029,955.12,2024-11-27
102935,A0048,2974.19,2024-10-26
102936,A0208,310.23,2024-10-25
102937,A0224,1360.75,2024-11-22
102938,A0160,2311.69,2024-10-14
102939,A0021,4553.71,2024-11-07
102940,A0071,450.35,2024-10-09
102941,A0061,-1794.86,2024-12-01
102942,A0026,2544.81,2024-10-02
102943,A0245,321.11,2024-10-01
102944,A0011,3489.20,2024-10-13
102945,A0002,1107.60,2024-11-18
102946,A0247,3162.37,2024-11-04
102947,A0194,4888.03,2024-11-13
102948,A0095,3169.64,2024-12-27
102949,A0081,4667.96,2024-10-31
102950,A0103,4934.50,2024-11-18
102951,A0092,3203.39,2024-11-12
102952,A0117,4228.17,2024-12-29
102953,A0228,2107.63,2024-10-18
102954,A0223,135.63,2024-12-07
102955,A0193,1466.21,2024-11-01
102956,A0176,1932.63,2024-12-24
102957,A0106,4561.53,2024-12-24
102958,A0164,,2024-11-11
102959,A0224,88.19,2024-10-06
102960,A0174,4234.92,2024-11-26
102961,A0103,1225.51,2024-12-18
102962,A0110,4163.63,2024-11-30
102963,A0232,3452.59,2024-10-13
102964,A0156,3850.73,2024-10-25
102965,A0134,3733.62,2024-12-13
102966,A0130,4115.93,2024-10-05
102967,A0023,671.36,2024-11-08
102968,A0141,4364.93,2024-11-29
102969,A0245,882.08,2024-10-15
102970,A0062,2528.95,2024-11-01
102971,A0242,1110.60,2024-12-24
102972,A0112,3670.53,2024-12-31
102973,A0238,154.20,2024-11-11
102974,A0072,4733.47,2024-10-29
102975,A0122,3771.54,2024-12-25
102976,A0237,646.38,2024-12-08
102977,A0024,3322.61,2024-12-28
102978,A0239,1745.83,2024-12-13
102979,A0017,4018.81,2024-12-22
102980,A0184,1800.49,2024-11-18
102981,A0144,3429.42,2024-11-25
102982,A0067,4239.59,2024-10-15
102983,A0023,1526.55,2024-11-13
102984,A0049,3883.77,2024-10-15
102985,A0219,3004.32,2024-11-10
102986,A0001,1994.31,2024-11-09
102987,A0049,325.45,2024-11-19
102988,A0094,2222.40,2024-12-26
102989,A0134,4897.45,2024-12-24
102990,A0028,3155.20,2024-11-20
102991,A0118,49.17,2024-11-10
102992,A0076,759.64,2024-10-29
102993,A0038,2621.56,2024-12-16
102994,A0171,1486.79,2024-12-29
102995,A0080,181.06,2024-12-04
102996,A0218,3611.24,2024-12-30
102997,A0213,3010.26,2024-10-28
102998,A0248,2596.35,2024-11-18
102999,A0086,309.34,2024-10-20
101106,A0242,-3694.63,2024-12-23
103000,A0218,4341.50,2024-10-29
103001,A0237,3673.15,2024-10-23
103002,A0101,4492.98,2024-11-08
103003,A0218,4274.01,2024-10-21
103004,A0087,114.06,2024-11-24
103005,A0090,3555.14,2024-11-20
103006,A0187,2051.29,2024-11-06
103007,A0050,1481.40,2024-12-29
103008,A0025,4490.22,2024-10-17
103009,A0149,1696.64,2024-10-07
103010,A0078,4456.45,2024-11-28
103011,A0036,3433.16,2024-11-26
103012,A0230,3649.81,2024-10-19
103013,A0192,1100.77,2024-10-26
103014,A0093,3856.18,2024-12-13
103015,A0220,535.50,2024-10-19
103016,A0110,1975.23,2024-12-26
103017,A0015,4413.72,2024-10-13
103018,A0046,1865.28,2024-10-07
103019,A0167,616.23,2024-11-13
103020,A0039,3112.08,2024-12-20
103021,A0009,3789.24,2024-10-16
103022,A0078,1263.77,2024-12-28
103023,A0168,3126.57,2024-11-18
103024,A0204,4068.68,2024-12-25
103025,A0119,3453.53,2024-12-23
103026,A0168,2004.30,2024-11-26
103027,A0030,,2024-10-11
103028,A0172,640.90,2024-12-05
103029,A0147,-1180.30,2024-12-13
103030,A0191,2514.95,2024-10-13
103031,A0099,4165.64,2024-12-01
103032,A0077,3380.54,2024-12-13
103033,A0017,657.59,2024-12-31
103034,A0138,4766.15,2024-10-24
103035,A0006,2126.09,2024-11-20
103036,A0201,2916.35,2024-12-07
103037,A0215,2562.47,2024-12-14
103038,A0203,2826.81,2024-12-23
103039,A0054,651.58,2024-12-24
103040,A0221,4707.02,2024-12-16
103041,A0143,3645.93,2024-11-27
103042,A0011,4197.99,2024-10-17
103043,A0042,3016.08,2024-10-12
103044,A0193,2950.10,2024-10-05
103045,A0130,444.60,2024-11-08
103009,A0149,1696.64,2024-10-07
103046,A0044,1907.09,2024-11-24
103047,A0064,4956.71,2024-11-08
103048,A0133,243.04,2024-11-07
103049,A0036,3456.88,2024-12-13
103050,A0134,2572.33,2024-11-15
103051,A0054,3179.08,2024-12-28
103052,A0012,520.09,2024-10-31
103053,A0077,193.59,2024-10-28
103054,A0056,704.63,2024-12-15
103055,A0187,1883.53,2024-12-19
103056,A0066,2213.57,2024-11-03
103057,A0042,2002.63,2024-11-21
103058,A0066,2392.10,2024-12-26
103059,A0037,2231.02,2024-12-08
103060,A0188,1069.30,2024-11-04
103061,A0050,3320.37,2024-12-31
103062,A0166,1952.09,2024-12-05
103063,A0211,3172.65,2024-10-20
103064,A0112,1659.63,2024-11-18
103065,A0064,136.84,2024-10-10
101982,A0206,1757.19,2024-10-13
103066,A0029,1417.23,2024-12-27
103067,A0085,2876.03,2024-12-21
103068,A0086,467.48,2024-11-04
103069,A0058,768.18,2024-11-05
103070,A0249,52.71,2024-10-29
103071,A0201,1986.12,2024-10-16
103072,A0225,922.33,2024-11-09
103073,A0126,3088.14,2024-10-13
103074,A0147,2774.27,2024-11-06
103075,A0026,2892.66,2024-10-07
103076,A0193,896.20,2024-11-19
103077,A0190,948.24,2024-12-26
103078,A0153,4136.30,2024-11-21
103079,A0067,2501.12,2024-10-02
103080,A0040,3601.06,2024-12-24
103081,A0146,663.53,2024-11-04
103082,A0164,278.16,2024-11-17
103083,A0174,3710.35,2024-12-17
103084,A0047,2193.80,2024-11-26
103085,A0129,1856.98,2024-11-06
103086,A0134,1447.10,2024-12-31
103087,A0059,4622.00,2024-11-09
103088,A0243,3333.55,2024-11-09
103089,A0217,2132.30,2024-10-12
103090,A0187,3328.53,2024-10-31
101936,A0107,720.42,2024-11-28
103091,A0148,4954.82,2024-10-08
103092,A0142,444.46,2024-12-03
103093,A0247,4239.06,2024-11-24
103094,A0188,3550.60,2024-10-18
103095,A0176,2515.77,2024-12-26
103096,A0032,4657.09,2024-11-21
103097,A0234,73.87,2024-10-01
103098,A0137,3745.25,2024-11-14
103099,A0170,1281.44,2024-12-07
103100,A0156,3587.53,2024-11-27
103101,A0226,884.59,2024-12-07
103102,A0020,4739.50,2024-11-16
103103,A0091,4401.92,2024-10-07
103104,A0044,2217.28,2024-11-17
103105,A0174,594.66,2024-11-01
103106,A0197,4361.64,2024-10-16
103107,A0076,1521.77,2024-11-03
103108,A0162,,2024-12-12
103109,A0079,2064.71,2024-12-22
103110,A0010,2703.85,2024-11-29
103111,A0125,4680.23,2024-10-08
103112,A0118,,2024-11-12
103113,A0002,1565.21,2024-11-14
103114,A0103,4668.19,2024-11-15
103115,A0126,47.47,2024-10-26
103116,A0231,445.30,2024-10-20
103117,A0125,2154.35,2024-10-01
103118,A0065,816.95,2024-10-29
103119,A0077,2468.81,2024-11-16
101084,A0079,4271.08,2024-12-28
103120,A0138,2246.74,2024-11-04
103121,A0169,570.87,2024-11-26
103122,A0192,849.47,2024-11-25
103123,A0223,31.46,2024-12-30
103124,A0073,1041.52,2024-10-06
103125,A0191,701.86,2024-11-12
103126,A0171,-4724.82,2024-10-26
103127,A0171,4973.22,2024-11-04
103128,A0141,623.81,2024-12-03
103129,A0033,4194.36,2024-11-11
103130,A0226,3938.87,2024-11-21
103131,A0190,2632.18,2024-11-19
103132,A0028,690.00,2024-10-03
103133,A0129,662.25,2024-10-02
103134,A0014,4024.30,2024-12-26
103135,A0250,4351.72,2024-12-16
103136,A0123,,2024-11-07
103137,A0195,1480.66,2024-11-24
103138,A0187,1299.90,2024-12-05
103139,A0197,980.68,2024-10-15
103140,A0180,4531.72,2024-11-01
103141,A0051,3494.49,2024-11-30
103142,A0027,3704.88,2024-12-29
103143,A0047,3830.69,2024-10-25
103144,A0163,4482.99,2024-10-20
103145,A0103,1203.63,2024-10-05
103146,A0238,1436.82,2024-10-19
103147,A0052,,2024-10-12
103148,A0105,4532.68,2024-12-07
103149,A0060,1607.65,2024-10-29
103150,A0016,1763.54,2024-12-05
103151,A0078,2240.09,2024-10-15
103152,A0242,1412.62,2024-11-14
103153,A0082,3731.75,2024-10-07
103154,A0014,953.90,2024-12-24
103155,A0074,3905.65,2024-11-30
103156,A0026,1469.84,2024-11-25
103157,A0126,970.09,2024-11-16
103158,A0025,1753.60,2024-12-25
103159,A0198,72.62,2024-10-17
103160,A0208,1737.50,2024-11-16
103161,A0136,3896.10,2024-12-17
103162,A0071,1949.21,2024-10-27
103163,A0228,3064.55,2024-10-14
103164,A0155,685.11,2024-10-16
103165,A0234,216.16,2024-12-23
103166,A0181,4286.57,2024-11-27
103167,A0242,4853.28,2024-12-09
103168,A0186,3246.39,2024-11-30
103169,A0185,3990.76,2024-10-20
103170,A0108,230.69,2024-12-10
103171,A0225,3731.84,2024-12-11
103172,A0115,1822.05,2024-12-20
103173,A0112,3761.85,2024-10-09
103174,A0239,2532.37,2024-12-04
103175,A0154,-4147.51,2024-11-05
103176,A0075,3653.74,2024-10-06
103177,A0249,2969.38,2024-12-28
103178,A0102,998.14,2024-12-03
103179,A0132,3590.76,2024-10-10
103180,A0131,868.79,2024-11-19
103181,A0103,2950.11,2024-12-17
103182,A0001,1424.41,2024-10-21
103183,A0179,2999.39,2024-10-02
103184,A0132,4610.30,2024-11-28
103185,A0135,2642.45,2024-11-03
103186,A0076,1591.74,2024-12-30
103187,A0044,1408.79,2024-10-29
103188,A0075,240.14,2024-10-06
103189,A0227,3354.42,2024-11-05
103190,A0224,4862.44,2024-10-07
103191,A0211,3369.09,2024-10-27
103192,A0167,2803.81,2024-11-14
103193,A0095,3318.08,2024-11-11
103194,A0227,437.44,2024-12-10
103195,A0105,1385.32,2024-12-18
103196,A0015,1547.10,2024-12-20
103197,A0092,,2024-10-29
103198,A0046,3830.80,2024-11-02
103199,A0223,82.99,2024-12-14
103200,A0177,559.06,2024-11-18
103201,A0223,4958.96,2024-12-20
103202,A0053,3326.58,2024-11-26
103203,A0053,1157.78,2024-12-14
103204,A0193,3302.96,2024-11-20
103205,A0187,817.00,2024-11-25
103206,A0123,1933.73,2024-10-12
103207,A0048,2601.26,2024-10-23
103208,A0242,991.16,2024-10-24
103209,A0080,3396.10,2024-10-21
103210,A0101,4642.27,2024-12-27
103211,A0037,3187.73,2024-10-10
103212,A0233,2236.53,2024-12-22
103213,A0135,2111.28,2024-10-18
103214,A0004,3811.33,2024-12-17
103215,A0006,523.87,2024-10-15
103216,A0213,,2024-12-22
103217,A0064,4901.40,2024-10-11
103218,A0161,1404.29,2024-12-16
103219,A0003,71.76,2024-10-14
103220,A0087,2844.58,2024-12-30
103221,A0123,446.46,2024-12-12
103222,A0042,4679.69,2024-11-09
103223,A0063,1740.35,2024-10-08
103224,A0161,2850.64,2024-12-09
103225,A0012,-646.27,2024-10-14
103226,A0131,2856.49,2024-11-23
103227,A0058,,2024-10-04
103228,A0038,1189.43,2024-11-15
103229,A0236,3436.99,2024-12-27
103230,A0184,2018.16,2024-10-15
102205,A0004,1844.55,2024-10-18
103231,A0029,2579.55,2024-10-29
103232,A0073,534.39,2024-11-15
103233,A0031,400.97,2024-11-16
103234,A0022,4841.85,2024-10-06
103235,A0110,3170.35,2024-12-07
103236,A0174,1756.54,2024-11-24
103237,A0176,788.58,2024-11-08
103238,A0090,3276.53,2024-10-14
103239,A0170,1422.30,2024-11-17
103240,A0233,4891.98,2024-12-31
103241,A0001,4188.40,2024-10-20
103242,A0082,4078.82,2024-10-19
103243,A0204,2048.86,2024-12-01
103244,A0148,4272.11,2024-11-24
103245,A0024,3811.04,2024-11-11
103246,A0099,669.65,2024-11-15
103247,A0124,1675.13,2024-12-28
103248,A0163,2171.26,2024-11-12
103249,A0168,725.67,2024-11-01
103250,A0128,2009.99,2024-12-08
103251,A0138,2799.49,2024-10-30
103252,A0184,2017.55,2024-11-23
103253,A0178,2763.71,2024-10-29
103254,A0093,3687.23,2024-10-01
103255,A0005,1066.77,2024-11-16
103256,A0035,2928.49,2024-10-15
103257,A0093,313.35,2024-10-18
103258,A0214,1546.06,2024-12-10
103259,A0063,4883.91,2024-10-27
103260,A0192,4341.17,2024-10-18
103261,A0181,615.65,2024-10-19
103262,A0179,1979.98,2024-11-24
103263,A0028,1949.69,2024-12-24
103264,A0215,3050.29,2024-12-16
103265,A0038,4564.80,2024-11-16
103266,A0020,741.70,2024-10-02
103267,A0107,2985.15,2024-10-20
103268,A0191,4013.99,2024-10-18
103269,A0243,3923.23,2024-11-08
103270,A0087,2466.12,2024-11-26
103271,A0004,4097.77,2024-11-06
103272,A0226,584.35,2024-12-22
103273,A0045,169.39,2024-12-04
103274,A0214,,2024-11-24
103275,A0117,3565.65,2024-12-10
103276,A0236,3730.82,2024-12-13
103277,A0059,2632.25,2024-11-24
103278,A0250,4884.48,2024-10-12
103279,A0244,2735.16,2024-10-17
103280,A0159,3897.16,2024-10-08
103281,A0211,1148.70,2024-12-11
103282,A0210,3173.37,2024-12-28
103283,A0168,2456.95,2024-12-22
103284,A0043,2124.89,2024-10-07
103285,A0109,4212.81,2024-10-25
103286,A0020,1416.15,2024-11-16
103287,A0086,3163.45,2024-10-04
103288,A0139,1256.82,2024-10-14
103289,A0003,343.46,2024-11-09
103290,A0164,985.31,2024-10-05
103291,A0146,1261.04,2024-12-12
103292,A0203,236.27,2024-12-01
103293,A0024,240.49,2024-11-09
103294,A0193,45.45,2024-11-06
103295,A0081,2088.38,2024-11-20
103296,A0034,3805.69,2024-12-29
103297,A0105,3538.29,2024-12-04
103298,A0199,530.54,2024-10-20
103299,A0098,125.17,2024-12-01
103300,A0010,3075.20,2024-11-07
103301,A0119,846.27,2024-10-11
103302,A0244,4642.01,2024-12-31
101017,A0250,4696.40,2024-10-11
103303,A0207,1215.09,2024-12-27
103304,A0184,3430.99,2024-10-21
103305,A0187,2630.93,2024-12-17
103306,A0197,3416.18,2024-11-13
103307,A0087,2347.08,2024-11-07
103308,A0241,1890.09,2024-11-25
103309,A0199,210.78,2024-12-27
103310,A0157,2033.31,2024-12-17
103311,A0146,394.20,2024-12-20
101531,A0174,629.50,2024-12-24
103312,A0004,2609.45,2024-10-19
103313,A0141,4018.70,2024-10-12
103314,A0081,2616.73,2024-10-22
103315,A0018,4898.14,2024-11-05
103316,A0023,3023.58,2024-10-10
103317,A0118,940.45,2024-11-03
103318,A0196,2482.25,2024-11-26
103319,A0241,3410.40,2024-10-16
103320,A0094,2982.80,2024-11-06
103321,A0159,2103.07,2024-12-27
103322,A0132,677.24,2024-12-19
103323,A0022,4992.45,2024-12-27
103324,A0068,2167.32,2024-12-27
103325,A0165,224.74,2024-10-08
103326,A0180,3886.19,2024-12-11
103327,A0027,42.64,2024-11-07
103328,A0103,1971.38,2024-10-10
103329,A0119,1170.43,2024-12-25
102667,A0017,3084.67,2024-10-17
103330,A0120,491.22,2024-12-22
103331,A0120,2806.54,2024-10-14
103332,A0028,450.95,2024-11-20
103333,A0103,4028.66,2024-11-12
103334,A0155,339.01,2024-12-02
103335,A0122,1115.82,2024-10-15
103336,A0140,1460.48,2024-10-20
103337,A0164,4974.04,2024-10-28
103338,A0154,1679.70,2024-11-18
103339,A0093,328.15,2024-11-25
103340,A0055,2483.02,2024-10-03
103341,A0109,4995.60,2024-11-04
103342,A0022,1322.57,2024-10-19
103343,A0021,364.11,2024-11-08
103344,A0224,4582.10,2024-11-23
103345,A0229,2752.34,2024-11-03
103346,A0024,966.10,2024-11-24
103347,A0077,1794.16,2024-10-22
103348,A0108,1042.26,2024-12-01
103349,A0201,2493.98,2024-10-21
103350,A0234,3653.66,2024-12-28
103351,A0003,2991.10,2024-12-11
103352,A0051,4106.55,2024-10-10
103353,A0158,3790.15,2024-10-19
103354,A0211,1698.29,2024-11-10
103355,A0118,75.37,2024-10-19
103356,A0030,2619.53,2024-12-26
103357,A0185,2131.63,2024-10-01
103358,A0220,2363.22,2024-10-17
103359,A0249,3326.52,2024-12-14
101278,A0014,4677.97,2024-10-02
103360,A0191,-511.89,2024-10-25
103361,A0199,2203.93,2024-10-22
103362,A0090,3151.67,2024-10-27
103363,A0174,4994.19,2024-12-13
103364,A0094,76.34,2024-10-03
103365,A0129,1584.05,2024-10-16
103366,A0117,3667.43,2024-11-22
103367,A0213,2152.60,2024-12-09
103368,A0196,2233.67,2024-11-12
103369,A0118,595.43,2024-11-24
103370,A0153,1957.23,2024-10-21
103371,A0073,2846.64,2024-12-24
103372,A0163,3610.98,2024-11-06
103373,A0237,3681.98,2024-10-13
103374,A0027,460.38,2024-10-12
103375,A0239,,2024-11-22
103376,A0193,544.55,2024-12-19
103377,A0163,4862.34,2024-11-26
103378,A0009,2640.06,2024-12-25
103379,A0055,1520.93,2024-10-29
103380,A0098,4074.08,2024-10-15
103381,A0244,1026.29,2024-10-16
103382,A0234,1839.22,2024-11-29
103383,A0166,2165.96,2024-12-30
103384,A0002,4114.74,2024-11-17
103385,A0073,4101.96,2024-11-04
103386,A0079,4612.67,2024-11-23
103387,A0231,3531.03,2024-11-23
103388,A0040,,2024-11-17
103389,A0210,4409.05,2024-12-16
103390,A0246,1665.46,2024-12-13
103391,A0250,2255.54,2024-11-20
103392,A0101,1011.09,2024-10-07
103393,A0110,4202.28,2024-10-17
103394,A0187,4926.11,2024-10-23
103395,A0133,2114.50,2024-10-21
103396,A0182,2294.24,2024-10-17
103397,A0148,2644.75,2024-11-20
103398,A0235,4420.90,2024-11-03
103399,A0243,4391.06,2024-11-11
103400,A0007,1069.30,2024-11-25
103401,A0152,61.49,2024-10-20
103402,A0140,146.84,2024-10-11
103403,A0191,2998.84,2024-10-17
103404,A0200,2379.72,2024-11-15
103405,A0230,979.08,2024-10-29
103406,A0216,1557.72,2024-11-01
103407,A0202,3808.96,2024-11-18
103408,A0014,4040.07,2024-11-05
103409,A0161,435.96,2024-10-03
103410,A0222,3347.98,2024-10-14
103411,A0153,582.60,2024-10-16
103412,A0068,562.39,2024-10-24
103413,A0217,487.41,2024-11-16
103414,A0101,4786.27,2024-10-13
103415,A0106,2575.44,2024-10-10
103416,A0020,2551.75,2024-10-27
103417,A0228,3604.62,2024-11-10
103418,A0207,3322.63,2024-10-21
103419,A0232,943.70,2024-10-23
103420,A0156,3459.55,2024-10-05
103421,A0089,615.50,2024-12-01
103422,A0002,3220.15,2024-10-21
103423,A0238,2736.46,2024-10-16
103424,A0138,1012.06,2024-10-03
103425,A0040,2716.78,2024-10-28
103426,A0231,4545.91,2024-10-28
103427,A0057,155.65,2024-10-11
103428,A0033,3816.47,2024-11-04
103429,A0245,1435.80,2024-10-12
103430,A0167,1828.42,2024-11-07
103431,A0127,2449.65,2024-11-25
103432,A0237,2688.79,2024-10-25
103433,A0176,1312.20,2024-12-31
103434,A0027,1474.68,2024-12-14
103435,A0080,4159.40,2024-10-22
103436,A0185,4164.36,2024-12-02
103437,A0109,2273.63,2024-12-16
103438,A0082,3917.84,2024-12-19
103439,A0110,564.91,2024-10-26
103440,A0230,2974.45,2024-12-20
103441,A0043,4296.71,2024-10-05
103442,A0105,2681.98,2024-11-07
103443,A0166,3167.08,2024-12-07
103444,A0030,1847.82,2024-10-24
103445,A0203,4242.70,2024-10-24
103446,A0056,1876.61,2024-12-24
103447,A0200,1949.57,2024-11-10
103448,A0177,,2024-10-02
103449,A0120,3759.11,2024-12-12
103450,A0060,4170.34,2024-12-11
103451,A0155,348.26,2024-10-28
103452,A0144,2765.37,2024-11-05
103453,A0227,3756.29,2024-12-25
103454,A0166,393.29,2024-11-23
103455,A0082,3577.33,2024-11-10
103456,A0206,1039.87,2024-12-03
103457,A0071,2615.36,2024-11-23
103458,A0044,626.26,2024-12-16
103459,A0061,1714.76,2024-12-13
103460,A0165,112.50,2024-12-13
103461,A0073,25.36,2024-10-17
103462,A0010,4413.63,2024-12-08
103463,A0087,4814.14,2024-12-22
103464,A0025,86.31,2024-11-23
103465,A0082,3792.93,2024-11-14
103466,A0199,2099.95,2024-11-10
103467,A0101,2590.03,2024-11-08
103468,A0127,3652.44,2024-12-22
103469,A0096,4774.49,2024-12-19
103470,A0013,-539.67,2024-10-02
103471,A0083,728.36,2024-12-28
103472,A0044,3798.17,2024-10-12
103473,A0208,1003.22,2024-11-17
103474,A0002,4279.96,2024-12-28
103475,A0227,4551.89,2024-10-06
103476,A0078,581.92,2024-10-10
103477,A0157,1383.68,2024-11-18
103478,A0237,1416.11,2024-10-18
103479,A0033,3059.97,2024-11-10
103480,A0150,4519.81,2024-11-22
103481,A0032,3340.20,2024-12-06
103482,A0123,2767.08,2024-12-24
103483,A0083,2570.55,2024-12-01
103484,A0197,1185.00,2024-11-07
103485,A0143,3730.68,2024-11-01
103486,A0220,3458.57,2024-10-27
103487,A0249,3644.61,2024-12-03
103488,A0172,316.97,2024-10-28
103489,A0049,2455.45,2024-12-02
103490,A0209,549.06,2024-12-15
103491,A0220,3993.99,2024-11-10
103492,A0182,3988.14,2024-11-28
103493,A0130,3436.60,2024-10-14
103494,A0235,4793.64,2024-11-16
103495,A0223,2022.52,2024-12-19
103496,A0103,2693.03,2024-10-25
103497,A0043,360.86,2024-12-27
103498,A0148,1611.33,2024-12-22
103499,A0225,536.11,2024-10-14
103500,A0005,3907.08,2024-11-28
103501,A0122,981.57,2024-12-24
103502,A0068,2784.36,2024-10-16
103503,A0091,4860.77,2024-11-25
103504,A0129,1112.83,2024-11-25
103505,A0113,2663.99,2024-11-04
103506,A0167,1939.71,2024-11-18
103507,A0050,3838.79,2024-11-07
103508,A0153,994.26,2024-11-05
103509,A0133,2777.43,2024-11-25
103510,A0166,573.44,2024-11-01
103511,A0014,583.39,2024-10-05
103512,A0017,3016.86,2024-12-08
103513,A0226,530.69,2024-12-19
103514,A0101,3668.45,2024-11-20
103515,A0211,532.12,2024-12-28
103516,A0044,1407.49,2024-10-27
103517,A0181,1823.59,2024-12-16
103518,A0025,1510.83,2024-10-24
103519,A0160,2639.42,2024-12-01
103520,A0233,3875.96,2024-12-28
103521,A0175,1252.05,2024-10-09
103522,A0231,874.70,2024-11-28
103523,A0171,744.61,2024-11-30
103524,A0046,2244.54,2024-11-03
103525,A0174,4621.32,2024-10-02
103526,A0122,3115.29,2024-12-14
103527,A0064,6.27,2024-11-30
103528,A0005,574.49,2024-12-12
103529,A0214,3566.40,2024-10-30
103530,A0194,2754.92,2024-10-19
103531,A0078,4065.57,2024-11-12
103532,A0090,2374.01,2024-12-09
103533,A0065,1350.20,2024-11-16
103534,A0091,,2024-11-08
103535,A0133,3724.26,2024-12-24
103536,A0216,4493.91,2024-12-16
103537,A0176,2540.41,2024-12-06
103538,A0038,3818.94,2024-11-22
100901,A0011,2842.86,2024-11-26
103539,A0037,4490.29,2024-11-15
103540,A0148,-2611.07,2024-12-29
103541,A0191,2259.21,2024-10-12
103542,A0097,1017.29,2024-12-21
103543,A0225,566.87,2024-12-20
103544,A0234,3559.87,2024-11-27
103545,A0068,4594.24,2024-12-26
103546,A0101,1829.95,2024-12-15
103547,A0071,2188.82,2024-11-09
103548,A0134,1000.14,2024-12-29
103549,A0032,1800.74,2024-11-25
103550,A0248,4170.83,2024-11-14
103551,A0003,1513.09,2024-12-03
103552,A0120,4862.37,2024-12-27
103553,A0075,788.62,2024-12-19
103554,A0078,2927.26,2024-12-02
103555,A0076,1512.31,2024-10-02
103556,A0073,2380.52,2024-12-15
103557,A0079,648.15,2024-10-01
103558,A0214,2257.13,2024-10-01
103559,A0090,262.63,2024-11-06
103560,A0171,4118.04,2024-12-11
103561,A0183,813.84,2024-11-04
103562,A0051,748.86,2024-11-25
103563,A0075,3069.26,2024-10-29
103564,A0091,169.48,2024-11-01
103565,A0099,4256.69,2024-11-24
103566,A0026,2093.50,2024-11-03
103567,A0080,4825.46,2024-10-23
103568,A0225,2957.49,2024-11-11
103569,A0175,4218.26,2024-10-26
103570,A0142,1311.82,2024-10-26
103571,A0077,1579.43,2024-12-12
103572,A0140,4861.77,2024-10-24
103573,A0214,1972.14,2024-11-25
103574,A0114,504.53,2024-12-28
103575,A0176,1643.38,2024-12-31
103576,A0110,1875.63,2024-11-29
103577,A0119,2205.66,2024-10-04
103578,A0246,4785.43,2024-11-23
103579,A0158,464.62,2024-11-08
103580,A0132,4125.21,2024-11-17
103581,A0231,668.28,2024-12-12
103582,A0194,4603.22,2024-11-20
103583,A0002,661.26,2024-11-29
103584,A0133,4234.52,2024-11-28
103585,A0015,4400.81,2024-11-04
103586,A0028,4352.03,2024-11-12
103587,A0075,3117.05,2024-12-12
103588,A0222,2525.27,2024-10-08
103589,A0173,637.70,2024-12-05
103590,A0180,3877.39,2024-10-27
103591,A0190,2707.71,2024-12-03
103592,A0173,716.14,2024-12-21
103593,A0161,4469.27,2024-11-09
103594,A0002,3771.37,2024-12-02
103595,A0030,3270.79,2024-10-09
103596,A0226,1.18,2024-10-16
103597,A0053,2726.36,2024-10-14
103598,A0130,-2484.77,2024-11-26
103599,A0032,2049.46,2024-11-08
103600,A0048,2122.04,2024-10-31
103601,A0067,4414.04,2024-12-18
103602,A0169,3573.08,2024-12-18
103603,A0163,646.90,2024-10-03
103604,A0191,969.92,2024-12-24
103605,A0190,1262.86,2024-12-29
103606,A0123,2867.18,2024-11-07
103607,A0246,1518.54,2024-12-15
103608,A0071,2585.55,2024-11-20
103609,A0028,2023.81,2024-11-29
103610,A0038,2186.73,2024-10-04
103611,A0145,1486.94,2024-11-19
103612,A0009,58.77,2024-12-22
103613,A0159,3411.08,2024-11-26
103614,A0091,224.51,2024-10-18
103615,A0118,2454.18,2024-11-05
103616,A0092,48.81,2024-12-04
103617,A0054,4488.06,2024-11-14
103618,A0100,4732.96,2024-12-05
103619,A0039,330.07,2024-11-15
103620,A0087,3439.98,2024-11-28
103621,A0036,3750.61,2024-11-05
103622,A0078,4116.45,2024-11-20
103623,A0166,358.61,2024-12-01
103624,A0156,1975.06,2024-12-24
103625,A0238,946.68,2024-12-04
103626,A0067,4066.31,2024-10-17
103627,A0245,3659.31,2024-12-14
103628,A0213,1826.02,2024-11-21
103629,A0219,355.26,2024-10-21
103630,A0028,1215.79,2024-12-03
103631,A0083,4899.07,2024-10-30
103632,A0188,4047.15,2024-10-31
103633,A0045,553.76,2024-11-19
103634,A0237,3963.64,2024-10-09
103635,A0030,325.67,2024-10-05
103636,A0114,4440.68,2024-11-17
103637,A0008,3180.98,2024-10-23
103638,A0116,1684.79,2024-11-18
103639,A0147,699.43,2024-12-11
103640,A0126,1048.18,2024-11-26
103641,A0052,3560.12,2024-10-21
103642,A0208,2276.74,2024-10-25
103643,A0162,451.98,2024-12-25
103644,A0208,505.39,2024-10-18
103645,A0199,,2024-11-22
103646,A0019,2980.50,2024-11-13
103647,A0246,972.52,2024-12-22
103648,A0214,2770.05,2024-10-27
103649,A0129,2991.38,2024-11-15
103650,A0144,1870.00,2024-10-18
103651,A0110,4203.67,2024-12-20
103652,A0146,1972.94,2024-10-11
103653,A0077,667.85,2024-10-13
103654,A0014,619.27,2024-12-16
101328,A0052,279.21,2024-11-04
103655,A0058,2834.97,2024-11-07
103656,A0100,4836.36,2024-12-30
103657,A0224,1877.45,2024-10-21
103658,A0148,1511.31,2024-10-31
103659,A0157,4474.20,2024-12-04
103660,A0015,1638.03,2024-12-09
103661,A0150,3658.00,2024-11-30
103662,A0068,4913.19,2024-12-23
103663,A0108,-158.17,2024-11-03
103664,A0196,1052.25,2024-10-08
103665,A0210,731.27,2024-11-12
103666,A0234,4846.33,2024-10-08
103667,A0207,1236.31,2024-12-12
103668,A0214,4742.26,2024-10-05
103669,A0244,1814.22,2024-11-23
103670,A0238,3137.01,2024-10-11
103671,A0243,4654.15,2024-10-17
103672,A0027,1419.24,2024-10-05
103673,A0167,2604.59,2024-11-14
103674,A0201,2263.38,2024-10-30
103675,A0007,113.42,2024-10-26
103676,A0098,2801.67,2024-12-27
103677,A0142,3585.00,2024-12-01
103678,A0097,274.36,2024-12-29
103679,A0110,657.60,2024-12-10
103680,A0031,723.31,2024-12-18
103681,A0050,4738.21,2024-11-13
103682,A0061,2289.64,2024-10-30
103683,A0059,483.29,2024-11-22
103684,A0207,3919.92,2024-12-08
103685,A0206,2979.21,2024-10-02
103686,A0209,4579.37,2024-10-08
103687,A0113,402.66,2024-10-24
103688,A0090,1482.61,2024-12-17
103689,A0075,3436.18,2024-10-17
103690,A0169,3178.83,2024-10-16
103691,A0065,3443.42,2024-12-09
103692,A0189,1080.30,2024-11-15
103693,A0057,4707.21,2024-11-26
103694,A0094,3739.87,2024-12-10
103695,A0063,1535.50,2024-12-07
103696,A0179,4682.77,2024-12-09
103697,A0089,2640.50,2024-11-22
103698,A0125,3699.86,2024-11-05
103699,A0036,412.28,2024-12-06
103700,A0142,1209.67,2024-10-27
103701,A0209,644.55,2024-10-19
103702,A0179,189.04,2024-11-26
103703,A0244,3408.39,2024-10-15
103704,A0009,112.61,2024-11-04
103705,A0077,1458.34,2024-10-11
103706,A0157,314.10,2024-11-19
103707,A0098,,2024-11-19
103708,A0053,2328.94,2024-11-18
103709,A0137,967.92,2024-10-07
103710,A0139,3463.41,2024-11-14
103711,A0156,-4914.75,2024-11-13
103712,A0068,4838.59,2024-12-15
103713,A0088,1136.31,2024-12-19
103714,A0201,2276.80,2024-10-08
103715,A0100,4234.08,2024-12-26
103716,A0241,1507.90,2024-12-08
103717,A0185,2431.08,2024-12-12
103718,A0042,4032.83,2024-11-18
103719,A0237,2451.16,2024-10-31
103720,A0072,692.39,2024-12-27
103721,A0064,4986.80,2024-12-09
103722,A0102,1551.97,2024-10-05
103723,A0069,3228.24,2024-12-24
103724,A0208,1314.41,2024-12-17
103725,A0146,65.69,2024-12-24
103726,A0217,1683.90,2024-10-23
103727,A0113,2327.83,2024-10-02
103728,A0092,-2446.48,2024-12-01
103729,A0056,3344.61,2024-11-22
103730,A0021,308.15,2024-11-05
103731,A0081,4704.09,2024-10-09
103732,A0197,2310.17,2024-11-05
103733,A0033,1361.74,2024-10-30
103734,A0224,3305.78,2024-12-19
103735,A0030,3440.21,2024-12-23
103736,A0130,202.86,2024-11-26
103737,A0142,3041.29,2024-12-31
103738,A0183,1196.12,2024-11-03
103739,A0217,,2024-11-15
103740,A0154,2834.46,2024-10-31
103741,A0130,1834.59,2024-11-26
103742,A0061,594.40,2024-10-27
103743,A0213,1709.07,2024-12-27
103744,A0110,2181.87,2024-11-06
103745,A0156,-751.14,2024-11-16
103746,A0230,1757.29,2024-12-23
103747,A0250,1965.58,2024-11-07
103748,A0095,-3261.63,2024-10-06
103749,A0234,1526.01,2024-12-15
103750,A0055,134.87,2024-11-10
103751,A0190,2679.04,2024-12-05
103752,A0089,4108.62,2024-10-28
103753,A0009,1987.21,2024-12-24
103754,A0196,3808.69,2024-12-23
103755,A0246,412.27,2024-10-29
103756,A0148,2965.33,2024-12-20
103757,A0138,2875.31,2024-10-16
103758,A0205,4444.83,2024-10-07
103759,A0135,3183.96,2024-12-06
103760,A0050,2313.20,2024-12-13
103761,A0085,1537.50,2024-11-01
103762,A0093,4190.09,2024-10-30
103763,A0249,2390.81,2024-10-15
103764,A0188,3634.69,2024-11-22
103765,A0144,1898.29,2024-12-04
103766,A0168,401.78,2024-12-01
103767,A0202,3174.08,2024-11-23
103768,A0212,1205.62,2024-10-17
103769,A0199,4854.42,2024-11-22
100632,A0077,2569.20,2024-11-30
103770,A0036,3535.25,2024-12-17
103771,A0088,1365.61,2024-11-10
103772,A0108,619.47,2024-12-04
103773,A0162,779.03,2024-10-26
103774,A0117,4718.92,2024-10-02
103775,A0068,875.36,2024-12-10
103776,A0191,3730.68,2024-10-13
103777,A0214,663.68,2024-11-25
103778,A0019,126.46,2024-10-17
103779,A0236,2700.54,2024-11-19
103780,A0033,4741.92,2024-11-21
103781,A0183,3654.91,2024-11-07
103782,A0212,625.05,2024-11-13
103783,A0028,3102.04,2024-10-06
103784,A0091,387.67,2024-11-27
103785,A0116,4775.55,2024-11-25
103786,A0180,1517.71,2024-10-18
103787,A0197,3846.35,2024-12-15
103788,A0131,4805.27,2024-10-11
103789,A0152,799.26,2024-12-15
103790,A0117,1940.20,2024-11-18
103791,A0131,1681.01,2024-12-15
103792,A0025,1465.33,2024-10-30
103793,A0013,1559.96,2024-12-12
103794,A0149,2715.12,2024-12-05
103795,A0074,4426.33,2024-11-11
103796,A0046,2014.62,2024-10-19
103797,A0189,220.85,2024-10-27
103798,A0148,2258.25,2024-12-18
103799,A0073,1649.19,2024-10-22
103800,A0125,622.54,2024-11-26
103801,A0074,1173.48,2024-11-03
103802,A0237,3179.07,2024-10-30
103803,A0025,3495.03,2024-10-27
103804,A0194,2895.92,2024-10-22
103805,A0011,144.39,2024-12-09
103806,A0002,2821.22,2024-12-02
103807,A0095,4365.72,2024-10-27
103808,A0147,1478.64,2024-11-24
103809,A0033,3839.25,2024-11-28
103810,A0184,1547.34,2024-12-30
103811,A0114,4820.16,2024-11-25
103812,A0222,2587.07,2024-10-18
103813,A0030,1460.89,2024-11-15
103814,A0204,4214.39,2024-10-29
104534,A0058,676.74,2024-10-10
103815,A0041,3814.46,2024-12-04
103816,A0162,1759.13,2024-12-05
103817,A0181,3524.64,2024-12-28
103818,A0010,1651.51,2024-11-25
103819,A0204,527.58,2024-12-06
103820,A0143,1665.75,2024-12-24
103821,A0010,4392.61,2024-12-21
103822,A0036,,2024-12-15
103823,A0057,1973.41,2024-12-26
103824,A0039,1026.91,2024-12-02
103825,A0128,4268.01,2024-11-06
103826,A0225,691.96,2024-10-12
103827,A0186,4986.10,2024-10-28
103828,A0126,17.76,2024-12-11
103829,A0046,3205.53,2024-10-05
103830,A0158,2193.35,2024-11-18
103831,A0164,3309.39,2024-11-14
103832,A0245,2539.77,2024-10-24
103833,A0060,4603.67,2024-11-07
103834,A0204,3503.11,2024-12-20
103835,A0140,2057.31,2024-12-01
103836,A0029,1549.83,2024-11-06
103837,A0084,2200.88,2024-11-01
103838,A0046,3473.97,2024-11-29
103839,A0089,1672.98,2024-12-29
103840,A0199,2088.13,2024-12-01
103841,A0126,4405.65,2024-12-16
103842,A0008,2161.08,2024-11-07
103843,A0228,1405.69,2024-11-22
103844,A0083,319.78,2024-11-03
103845,A0101,3539.88,2024-11-26
103846,A0234,2230.26,2024-10-07
103847,A0057,1407.75,2024-11-13
103848,A0079,3336.86,2024-11-27
103849,A0225,2149.59,2024-10-22
103850,A0161,2811.25,2024-10-15
103851,A0157,4970.60,2024-11-12
103852,A0006,678.46,2024-10-03
103853,A0200,4207.95,2024-12-30
103854,A0197,1748.38,2024-12-10
103855,A0133,333.73,2024-10-27
103856,A0041,1899.43,2024-12-08
103857,A0059,2074.69,2024-11-07
103858,A0096,4202.04,2024-11-12
103859,A0188,2168.38,2024-11-01
103860,A0217,,2024-10-03
103861,A0027,3960.01,2024-12-04
103862,A0011,2087.33,2024-10-21
103863,A0059,1485.20,2024-12-20
103864,A0009,4050.66,2024-11-04
103865,A0201,3932.71,2024-11-18
103866,A0210,3436.53,2024-11-04
103867,A0019,4520.27,2024-12-04
103868,A0188,3786.95,2024-11-23
103869,A0213,,2024-12-09
103870,A0025,3172.27,2024-12-15
103871,A0213,4156.61,2024-12-17
103872,A0083,4506.22,2024-11-24
103873,A0078,2687.21,2024-11-05
103874,A0068,2406.98,2024-12-23
103875,A0075,3021.95,2024-11-24
103876,A0105,488.91,2024-12-11
103877,A0233,1461.44,2024-12-29
103878,A0098,2796.52,2024-10-03
103879,A0244,2606.89,2024-11-17
103880,A0028,3999.74,2024-11-27
103881,A0007,1175.72,2024-11-20
103882,A0095,4044.33,2024-12-01
103883,A0080,2953.54,2024-11-12
103884,A0250,754.77,2024-10-11
103885,A0054,501.11,2024-12-02
103886,A0037,3112.17,2024-11-21
103887,A0134,3233.17,2024-12-12
103888,A0197,3988.63,2024-12-03
103889,A0190,1322.33,2024-11-13
103890,A0083,4375.25,2024-12-28
103891,A0224,2964.86,2024-10-01
103892,A0194,1406.85,2024-12-11
103893,A0128,4167.49,2024-11-10
103894,A0119,3419.40,2024-12-30
103895,A0220,2533.29,2024-10-11
103896,A0180,4830.90,2024-10-10
103897,A0004,1970.67,2024-10-21
103898,A0043,2726.97,2024-10-26
103899,A0030,2295.29,2024-10-05
103900,A0044,4643.58,2024-12-20
103901,A0036,4211.83,2024-12-10
103902,A0076,2193.29,2024-10-16
103903,A0185,2284.16,2024-12-26
103904,A0158,1422.38,2024-11-17
103905,A0037,2956.99,2024-11-07
103906,A0206,2744.34,2024-12-18
103907,A0133,4992.19,2024-12-17
103908,A0054,1318.21,2024-11-12
103909,A0219,4861.56,2024-10-18
103910,A0213,862.08,2024-11-30
103911,A0046,52.49,2024-10-20
103912,A0002,2467.74,2024-11-09
103913,A0178,3678.69,2024-10-13
103914,A0025,2820.26,2024-10-08
103915,A0041,3277.65,2024-10-09
103916,A0227,1838.38,2024-10-29
103917,A0238,1809.57,2024-10-25
103918,A0234,1440.59,2024-11-24
103919,A0095,3065.29,2024-12-19
103920,A0066,4022.23,2024-12-11
103921,A0052,2837.48,2024-10-10
103922,A0188,3108.13,2024-10-28
103923,A0145,1468.93,2024-10-14
103924,A0151,665.29,2024-12-22
103925,A0148,4017.33,2024-12-15
103926,A0207,3171.76,2024-12-18
103927,A0054,3505.84,2024-10-22
103928,A0056,15.00,2024-10-12
103929,A0038,4874.50,2024-10-19
103930,A0001,865.12,2024-11-11
103931,A0014,408.83,2024-10-18
103932,A0109,2683.80,2024-12-25
103933,A0129,2474.00,2024-10-16
103934,A0097,1263.34,2024-11-19
103935,A0080,3703.75,2024-12-06
103936,A0227,1662.84,2024-12-17
103937,A0043,4416.50,2024-12-21
103938,A0037,4371.49,2024-11-25
103939,A0178,2939.56,2024-11-02
103940,A0231,3594.30,2024-11-25
103941,A0007,3419.84,2024-11-16
103942,A0172,4485.61,2024-11-14
103943,A0158,3820.39,2024-12-11
103944,A0241,4595.30,2024-10-25
103945,A0239,2006.17,2024-10-02
103946,A0135,1027.74,2024-10-25
103947,A0085,30.43,2024-10-13
103948,A0065,4777.47,2024-12-04
103949,A0070,,2024-10-05
103950,A0123,3394.28,2024-11-20
103951,A0181,231.25,2024-11-02
103952,A0249,1438.46,2024-12-13
103953,A0184,-4317.59,2024-11-30
103954,A0126,3186.29,2024-10-23
103955,A0166,2483.23,2024-12-09
103956,A0095,4234.26,2024-10-04
103957,A0040,3214.46,2024-12-30
103958,A0218,3860.78,2024-10-17
103959,A0217,435.23,2024-10-16
103960,A0182,294.85,2024-10-08
103961,A0140,1648.50,2024-11-05
103962,A0158,4470.95,2024-10-03
103963,A0218,1745.12,2024-11-10
103789,A0152,799.26,2024-12-15
103964,A0232,4707.72,2024-12-15
103965,A0133,3787.06,2024-10-02
103966,A0107,4932.16,2024-12-25
103967,A0050,3511.84,2024-12-04
103968,A0022,774.39,2024-10-23
103969,A0156,2325.68,2024-10-26
103970,A0045,3611.85,2024-12-21
103971,A0241,3916.53,2024-10-01
103972,A0090,1632.39,2024-10-16
103973,A0215,1791.19,2024-12-29
103974,A0119,452.38,2024-10-12
103975,A0047,610.54,2024-10-12
103976,A0161,974.38,2024-10-03
103977,A0003,4020.83,2024-10-28
103978,A0021,3345.67,2024-11-01
103979,A0165,1614.66,2024-10-25
103980,A0034,3919.57,2024-11-09
103981,A0074,280.63,2024-10-23
103982,A0081,1463.57,2024-11-22
103983,A0070,1185.68,2024-10-26
103984,A0067,929.57,2024-12-29
103985,A0126,2305.76,2024-11-15
103986,A0198,3035.03,2024-12-22
103987,A0162,2743.25,2024-12-27
103988,A0244,4361.66,2024-12-14
103989,A0146,2023.07,2024-10-27
103990,A0166,3682.48,2024-12-27
103991,A0088,4175.75,2024-12-29
103992,A0191,2642.18,2024-11-04
103993,A0054,476.83,2024-11-03
103994,A0009,1145.28,2024-10-15
103995,A0048,2711.72,2024-11-30
103996,A0083,734.03,2024-11-17
103997,A0151,2956.77,2024-10-05
103998,A0162,1691.15,2024-11-15
103999,A0041,4558.78,2024-11-23
104000,A0166,2493.96,2024-10-13
104001,A0079,982.00,2024-10-21
104002,A0193,2448.59,2024-10-03
104003,A0117,2302.66,2024-12-15
104004,A0188,3020.71,2024-11-21
104005,A0065,2483.88,2024-11-17
104006,A0174,3151.66,2024-11-21
104007,A0238,1574.77,2024-10-30
100832,A0209,2309.03,2024-12-23
104008,A0238,4002.22,2024-12-04
104009,A0199,566.47,2024-11-04
104010,A0008,3028.70,2024-10-21
104011,A0077,2686.42,2024-12-16
104012,A0051,3658.59,2024-12-12
104013,A0170,3942.85,2024-11-12
104014,A0249,4135.37,2024-10-12
104015,A0037,1622.48,2024-11-14
104016,A0118,2405.97,2024-10-01
104017,A0227,3454.00,2024-10-23
104018,A0048,1580.58,2024-10-31
104019,A0024,4498.14,2024-11-01
104020,A0217,809.12,2024-11-17
104021,A0089,26.92,2024-10-13
104022,A0101,2469.35,2024-12-29
104023,A0172,1115.06,2024-11-18
104024,A0063,4359.65,2024-10-13
104025,A0196,2033.00,2024-10-18
104026,A0230,2097.54,2024-11-06
104027,A0224,4299.06,2024-11-24
104028,A0019,3130.67,2024-11-14
104029,A0249,2561.14,2024-12-15
104030,A0156,142.01,2024-10-23
104031,A0093,4026.71,2024-11-13
104032,A0157,2630.07,2024-12-16
104033,A0020,3941.99,2024-12-22
104034,A0049,1207.24,2024-10-06
104035,A0024,1108.46,2024-11-13
104036,A0109,2014.61,2024-10-20
104037,A0173,1495.03,2024-12-01
104038,A0245,183.59,2024-11-23
104039,A0175,942.19,2024-12-06
104040,A0207,4374.78,2024-10-11
104041,A0026,1816.54,2024-12-23
104042,A0207,4522.80,2024-10-02
104043,A0148,844.49,2024-12-04
104044,A0003,2014.21,2024-12-02
104045,A0103,3428.88,2024-11-24
104046,A0109,4045.14,2024-11-03
104047,A0155,3891.55,2024-11-27
104048,A0122,2633.24,2024-12-31
104049,A0249,1757.69,2024-11-16
104050,A0109,586.48,2024-12-08
104051,A0173,3983.54,2024-10-11
104052,A0243,,2024-12-30
104053,A0132,3095.10,2024-12-18
104054,A0112,3815.87,2024-10-07
104055,A0032,2437.69,2024-12-02
104056,A0228,2414.03,2024-12-16
104057,A0109,3599.64,2024-11-13
104058,A0210,3539.92,2024-10-04
104059,A0076,2846.56,2024-11-15
104060,A0084,,2024-11-08
104061,A0029,-3335.38,2024-11-15
104062,A0190,-3838.28,2024-11-20
104063,A0137,1304.52,2024-10-13
104064,A0163,661.88,2024-12-03
104065,A0089,2261.20,2024-11-28
104066,A0236,3613.30,2024-12-07
104067,A0020,2984.55,2024-11-11
104068,A0156,-1955.52,2024-12-21
104069,A0098,4260.71,2024-12-05
104070,A0238,3804.18,2024-12-21
104071,A0103,3929.31,2024-10-03
104072,A0066,965.32,2024-12-23
104073,A0215,3894.80,2024-11-25
104074,A0147,611.40,2024-11-03
104075,A0139,1590.64,2024-11-01
104076,A0096,3640.90,2024-12-13
104077,A0240,2480.45,2024-11-25
104078,A0200,1441.67,2024-10-24
104205,A0060,4084.11,2024-10-28
104079,A0012,1452.51,2024-12-17
104080,A0174,2091.18,2024-11-06
104081,A0054,,2024-10-03
104082,A0034,4101.19,2024-11-05
104083,A0203,1401.12,2024-12-21
104084,A0058,1669.07,2024-10-03
104085,A0017,3718.24,2024-12-18
104086,A0156,1510.06,2024-11-28
104087,A0153,3083.36,2024-11-12
104088,A0239,2839.79,2024-12-11
104089,A0082,66.88,2024-11-14
104090,A0119,4313.94,2024-12-03
104091,A0044,1105.34,2024-12-26
104092,A0009,2046.04,2024-12-24
104093,A0021,4469.46,2024-12-20
104094,A0089,2551.86,2024-10-11
104095,A0136,1089.16,2024-11-17
104096,A0081,1595.00,2024-11-27
104097,A0040,3537.32,2024-12-19
104098,A0091,3067.75,2024-12-12
104099,A0196,2263.46,2024-10-03
104100,A0143,3940.43,2024-12-02
104101,A0138,1231.60,2024-10-17
104102,A0218,1985.05,2024-10-16
104103,A0055,509.45,2024-10-15
104104,A0222,2993.34,2024-10-21
104105,A0189,4021.63,2024-11-21
104106,A0193,2884.95,2024-10-28
102231,A0187,4484.38,2024-12-18
104107,A0072,2193.46,2024-11-10
104108,A0028,4040.63,2024-12-25
104109,A0163,4639.67,2024-12-21
104110,A0137,1667.05,2024-11-20
104111,A0127,1181.16,2024-11-29
104112,A0116,1501.94,2024-10-21
104113,A0103,4844.95,2024-11-06
104114,A0086,18.49,2024-11-29
104115,A0233,3441.32,2024-10-13
104116,A0108,2010.87,2024-11-23
104117,A0008,2152.12,2024-12-19
104118,A0159,1176.41,2024-12-04
104119,A0188,423.08,2024-11-22
104120,A0157,-4958.08,2024-11-01
104121,A0121,873.72,2024-12-27
104122,A0006,477.92,2024-12-16
104123,A0100,4633.14,2024-12-10
104124,A0218,2681.87,2024-10-21
104125,A0224,2401.02,2024-10-31
104126,A0183,919.61,2024-10-26
104127,A0017,1693.00,2024-10-04
104128,A0118,1086.31,2024-11-01
104129,A0062,3585.40,2024-10-23
104130,A0029,2420.09,2024-12-17
104131,A0236,4393.88,2024-10-21
104132,A0247,1284.78,2024-10-09
104133,A0175,37.08,2024-12-26
104134,A0121,2131.42,2024-11-19
104135,A0246,369.91,2024-11-03
104136,A0031,4632.33,2024-12-31
104137,A0137,4072.60,2024-12-31
104138,A0212,125.36,2024-10-08
104139,A0213,1536.97,2024-10-06
104140,A0238,1906.12,2024-12-05
104141,A0110,3300.17,2024-10-16
104142,A0068,544.28,2024-12-14
104143,A0185,3951.91,2024-10-22
104144,A0087,1922.32,2024-10-19
104145,A0124,4787.61,2024-10-27
104146,A0165,1387.78,2024-12-28
104147,A0182,389.33,2024-12-02
104148,A0067,3946.28,2024-11-13
104149,A0085,1549.18,2024-11-27
104150,A0071,3668.71,2024-12-16
104151,A0038,188.40,2024-12-06
104152,A0226,-1513.20,2024-11-17
104153,A0075,2955.56,2024-11-09
104154,A0146,4954.43,2024-12-21
104155,A0113,1598.72,2024-12-26
104156,A0207,1547.01,2024-12-28
104157,A0075,674.98,2024-11-19
104158,A0008,1350.02,2024-10-28
104159,A0150,3058.80,2024-10-02
104160,A0131,1361.11,2024-12-06
104161,A0231,2128.79,2024-10-22
104162,A0151,1805.67,2024-12-04
104163,A0097,1648.81,2024-12-02
104164,A0135,3400.36,2024-12-01
104165,A0098,920.53,2024-10-02
104166,A0088,3507.14,2024-10-29
104167,A0039,1622.66,2024-11-05
104168,A0203,3192.03,2024-10-16
104169,A0128,3408.85,2024-11-28
104170,A0233,2986.33,2024-10-02
104171,A0210,4404.89,2024-12-07
104172,A0052,4709.81,2024-11-16
104173,A0161,-3483.55,2024-10-13
104174,A0018,4992.36,2024-11-04
104175,A0217,2901.80,2024-12-08
104176,A0205,4576.01,2024-10-08
104177,A0064,2342.64,2024-11-01
104178,A0047,1343.55,2024-12-28
104179,A0063,4910.08,2024-10-30
104180,A0046,3616.68,2024-10-06
104181,A0072,3194.63,2024-10-12
104182,A0213,3897.03,2024-10-09
104183,A0134,4751.78,2024-11-08
104184,A0063,320.10,2024-12-14
104185,A0119,3994.39,2024-10-13
104186,A0014,2816.07,2024-11-10
104187,A0051,4142.95,2024-12-01
104188,A0122,611.30,2024-10-26
104189,A0056,524.63,2024-12-16
104190,A0003,2555.49,2024-12-14
104191,A0029,2254.15,2024-11-26
104192,A0151,4076.79,2024-12-21
104193,A0001,3222.29,2024-11-02
104194,A0070,3957.06,2024-12-03
104195,A0130,3309.92,2024-12-01
104196,A0166,2696.89,2024-11-08
104197,A0064,1386.16,2024-11-13
104198,A0129,1444.30,2024-11-09
104199,A0194,3282.63,2024-10-24
104200,A0229,,2024-12-05
104201,A0046,2467.80,2024-10-09
104202,A0078,3987.88,2024-10-13
104203,A0088,4852.21,2024-12-21
104204,A0047,3602.64,2024-10-25
104205,A0060,4084.11,2024-10-28
104206,A0082,1611.61,2024-12-07
104207,A0077,2474.98,2024-12-18
104208,A0040,1103.53,2024-11-11
104209,A0102,820.92,2024-10-22
104210,A0170,4469.80,2024-10-21
104211,A0122,1708.50,2024-12-23
104212,A0200,3121.71,2024-11-04
104213,A0121,1200.17,2024-11-08
104214,A0086,1945.01,2024-11-15
104215,A0116,4348.56,2024-11-09
104216,A0196,2230.78,2024-11-23
104217,A0104,30.74,2024-10-08
104218,A0207,2144.22,2024-10-18
104219,A0005,2396.41,2024-12-30
104220,A0184,1061.17,2024-11-02
104221,A0007,1546.58,2024-11-11
104222,A0084,2242.32,2024-12-11
104223,A0205,2936.86,2024-10-28
104224,A0220,3238.77,2024-11-05
104225,A0042,561.12,2024-11-11
104226,A0185,3790.81,2024-12-15
104227,A0243,2464.48,2024-10-06
104228,A0177,4096.88,2024-12-30
104229,A0156,2554.49,2024-12-15
104230,A0015,1967.17,2024-12-21
104231,A0095,1797.69,2024-11-26
104232,A0121,4843.35,2024-10-18
104233,A0084,4619.18,2024-11-22
104234,A0039,4322.76,2024-12-15
104235,A0144,1567.86,2024-10-12
104236,A0147,2298.75,2024-12-09
104237,A0143,4000.20,2024-12-07
104238,A0006,4286.05,2024-10-18
104239,A0223,4049.03,2024-12-29
104240,A0246,3730.79,2024-11-16
104241,A0192,4746.34,2024-10-28
104242,A0059,966.42,2024-11-28
104243,A0174,1899.99,2024-12-30
104244,A0192,1359.04,2024-10-03
104245,A0106,736.41,2024-11-24
104246,A0205,2078.79,2024-10-07
104247,A0234,4361.36,2024-12-05
103023,A0168,3126.57,2024-11-18
104248,A0112,,2024-10-05
104249,A0084,2644.52,2024-12-08
104250,A0086,2580.54,2024-12-21
104251,A0145,352.84,2024-10-12
104252,A0137,2928.05,2024-10-21
104253,A0218,4187.91,2024-10-12
104254,A0157,3010.02,2024-12-23
104255,A0197,1001.80,2024-12-27
104256,A0120,2260.40,2024-11-27
104257,A0190,4663.78,2024-10-20
104258,A0047,3411.19,2024-12-22
104259,A0136,3016.82,2024-12-28
104260,A0111,3877.89,2024-10-03
104261,A0002,2105.83,2024-12-19
104262,A0003,4343.27,2024-10-29
104263,A0067,1691.22,2024-10-29
104264,A0084,3064.81,2024-12-08
104265,A0052,2400.94,2024-12-13
104266,A0226,4852.53,2024-12-31
104267,A0049,4547.85,2024-10-19
104268,A0026,1081.78,2024-10-04
104269,A0217,2797.66,2024-10-06
104270,A0090,4087.63,2024-10-09
104271,A0238,1717.83,2024-10-30
104272,A0078,3451.69,2024-10-21
104273,A0060,2225.46,2024-10-28
104274,A0036,4050.31,2024-11-26
100072,A0072,735.95,2024-11-29
104275,A0097,646.45,2024-10-04
104276,A0219,2328.58,2024-10-27
104277,A0113,1995.47,2024-11-21
104278,A0098,1042.43,2024-12-15
104279,A0249,4271.32,2024-10-23
104280,A0186,2657.58,2024-12-06
104281,A0054,639.07,2024-10-16
104282,A0155,4932.95,2024-11-15
104283,A0107,3931.49,2024-10-25
104284,A0205,1103.72,2024-12-04
104285,A0131,1887.69,2024-10-15
104286,A0002,4954.98,2024-11-18
104287,A0247,4213.19,2024-10-13
104288,A0080,1860.55,2024-10-09
104289,A0167,2277.19,2024-11-08
104290,A0022,1203.50,2024-12-23
104291,A0225,3375.22,2024-11-30
104292,A0071,84.09,2024-12-22
103790,A0117,1940.20,2024-11-18
104293,A0037,4705.59,2024-11-01
104294,A0033,930.86,2024-12-06
104295,A0121,817.62,2024-10-05
104296,A0054,321.76,2024-12-24
104297,A0107,1537.60,2024-10-21
104298,A0240,2199.02,2024-12-06
104299,A0208,794.66,2024-12-25
104300,A0237,953.18,2024-10-15
104301,A0128,4124.82,2024-10-27
104302,A0096,1605.66,2024-11-03
104303,A0201,3261.61,2024-10-04
104304,A0121,-1739.44,2024-10-05
104305,A0234,3854.25,2024-11-22
104306,A0196,244.79,2024-12-16
104307,A0041,3789.09,2024-10-13
104308,A0058,79.32,2024-10-12
104309,A0029,2202.39,2024-11-30
104310,A0220,2435.96,2024-12-08
104311,A0155,2310.04,2024-12-21
104312,A0121,4.78,2024-11-02
104313,A0139,673.12,2024-11-16
104314,A0025,3218.08,2024-12-01
104315,A0219,2584.70,2024-12-13
104316,A0132,1030.10,2024-10-17
104317,A0058,4223.86,2024-12-24
104318,A0184,431.90,2024-11-21
104319,A0027,1481.06,2024-11-01
104320,A0187,1187.06,2024-12-24
104321,A0250,1579.67,2024-11-29
104322,A0133,3505.11,2024-12-13
104323,A0231,4633.51,2024-10-17
104324,A0170,1720.37,2024-10-19
104325,A0218,3038.55,2024-10-05
104326,A0099,3922.33,2024-12-20
100552,A0071,3224.59,2024-12-21
104327,A0047,252.75,2024-10-02
104328,A0214,750.49,2024-10-31
104329,A0003,849.74,2024-12-13
104330,A0089,2521.65,2024-10-25
104331,A0249,3297.26,2024-12-13
104332,A0055,2127.81,2024-11-28
104333,A0113,3258.46,2024-10-16
104334,A0197,3906.73,2024-12-05
104335,A0229,4844.82,2024-10-24
104336,A0224,1339.42,2024-12-02
104337,A0170,4048.54,2024-10-13
104338,A0196,3503.31,2024-12-06
104339,A0094,1379.16,2024-11-24
104340,A0140,-3368.46,2024-10-17
104341,A0118,496.89,2024-10-15
104342,A0076,631.60,2024-10-17
104343,A0116,4579.64,2024-11-25
104344,A0022,2901.87,2024-12-04
104345,A0241,958.41,2024-12-05
104346,A0175,1022.72,2024-10-29
104347,A0188,,2024-11-15
104348,A0039,2756.52,2024-12-12
104349,A0013,4509.48,2024-12-08
104350,A0178,1902.36,2024-12-07
104351,A0026,875.26,2024-12-27
104352,A0220,869.40,2024-12-19
104353,A0193,1187.24,2024-12-31
104354,A0245,798.18,2024-12-18
104355,A0072,2224.06,2024-10-07
104356,A0100,4975.96,2024-12-06
104357,A0120,2209.63,2024-11-11
104358,A0077,714.66,2024-10-01
104359,A0143,393.53,2024-12-25
104360,A0188,1634.70,2024-12-18
104361,A0016,3115.19,2024-11-22
104362,A0211,736.59,2024-10-21
104363,A0250,4009.66,2024-11-01
104364,A0166,2052.21,2024-11-23
104365,A0064,2050.96,2024-11-14
104366,A0243,370.78,2024-11-05
104367,A0032,737.31,2024-12-14
104368,A0053,4952.06,2024-11-26
104369,A0195,747.63,2024-11-11
104370,A0134,57.46,2024-11-09
104371,A0161,2749.53,2024-12-16
104372,A0113,2470.96,2024-11-08
104373,A0191,4311.90,2024-12-18
104374,A0226,2383.19,2024-11-13
104375,A0011,4589.75,2024-11-18
104376,A0029,4394.41,2024-12-20
104377,A0044,2446.93,2024-12-30
104378,A0125,3626.12,2024-11-07
104379,A0023,1178.72,2024-12-17
104380,A0062,3141.73,2024-12-25
104381,A0247,2593.77,2024-11-25
104382,A0027,2211.78,2024-11-05
104383,A0071,4417.20,2024-11-02
104384,A0108,3357.83,2024-12-25
104385,A0092,4385.60,2024-10-11
104386,A0207,68.77,2024-12-02
104387,A0057,1273.67,2024-12-15
104388,A0027,2275.18,2024-12-30
104389,A0215,2558.80,2024-12-12
104390,A0223,1971.39,2024-12-25
104391,A0028,2006.85,2024-12-15
104392,A0245,4395.61,2024-10-13
104393,A0248,3018.93,2024-10-31
104394,A0182,1892.11,2024-12-17
104395,A0184,2212.60,2024-10-06
104396,A0113,1821.87,2024-11-28
104397,A0010,3006.97,2024-11-21
104398,A0191,4264.30,2024-11-25
104399,A0056,3508.84,2024-12-12
104400,A0243,-948.58,2024-11-12
104401,A0106,519.01,2024-10-04
104402,A0229,3823.36,2024-11-02
104403,A0089,1881.03,2024-11-15
104404,A0201,1304.90,2024-10-07
104405,A0163,1702.37,2024-11-03
104406,A0054,4030.73,2024-12-11
104407,A0166,4042.25,2024-11-11
104408,A0090,3884.42,2024-10-23
104409,A0023,4429.76,2024-11-12
104410,A0190,1845.46,2024-10-30
104411,A0026,1660.55,2024-10-12
104412,A0160,3353.56,2024-12-03
104413,A0098,3353.69,2024-10-26
104414,A0125,1388.68,2024-11-14
104415,A0230,1767.85,2024-11-16
104416,A0044,3958.17,2024-11-11
104417,A0149,84.50,2024-11-09
104418,A0165,4765.88,2024-12-11
104419,A0138,1553.96,2024-10-23
104420,A0020,2087.51,2024-10-26
104421,A0154,490.49,2024-12-24
104422,A0038,2122.46,2024-12-31
104423,A0102,1784.43,2024-10-18
104424,A0217,4831.04,2024-11-07
104425,A0022,3217.08,2024-11-11
104426,A0011,1179.72,2024-11-01
104375,A0011,4589.75,2024-11-18
104427,A0071,2874.03,2024-10-04
104428,A0178,2593.56,2024-10-29
104429,A0113,1287.34,2024-12-22
104430,A0004,4255.72,2024-11-07
104431,A0220,1278.58,2024-12-18
104432,A0107,2534.74,2024-12-11
104433,A0050,2891.01,2024-11-22
104434,A0149,976.47,2024-11-21
104435,A0231,3289.62,2024-11-19
104436,A0204,3916.34,2024-11-16
104437,A0111,4213.26,2024-11-17
104438,A0240,1912.10,2024-10-31
104439,A0020,1679.53,2024-12-28
104440,A0212,706.12,2024-12-29
104441,A0149,1295.44,2024-10-17
104442,A0201,507.57,2024-12-04
104443,A0081,3714.81,2024-10-14
104444,A0059,4233.33,2024-11-14
104445,A0250,3763.10,2024-12-10
104446,A0120,4305.81,2024-11-04
104447,A0118,3011.77,2024-12-19
104448,A0112,2296.70,2024-10-09
104449,A0006,4998.32,2024-12-11
104450,A0015,2352.26,2024-11-14
104451,A0038,2499.89,2024-10-09
104452,A0245,3576.68,2024-11-05
104453,A0230,2988.14,2024-10-04
104454,A0111,3742.38,2024-12-30
104455,A0102,4008.47,2024-10-28
104456,A0138,3470.74,2024-12-29
104457,A0060,3538.20,2024-12-12
104458,A0243,4187.00,2024-11-22
104459,A0175,757.19,2024-12-15
104460,A0249,1649.66,2024-12-18
104461,A0092,278.72,2024-12-15
104462,A0019,628.48,2024-12-18
104463,A0187,334.59,2024-10-21
104464,A0154,3841.70,2024-10-23
104465,A0167,4382.68,2024-12-03
104466,A0023,3821.31,2024-10-13
104467,A0180,4961.53,2024-12-27
104468,A0098,2032.35,2024-12-29
104469,A0088,2488.26,2024-10-24
104470,A0046,503.59,2024-12-30
104471,A0128,2257.33,2024-10-12
104472,A0052,968.65,2024-10-30
104473,A0163,1842.30,2024-10-11
104474,A0025,1782.11,2024-12-07
104475,A0156,-1352.44,2024-10-08
104476,A0096,2921.95,2024-10-13
104477,A0136,,2024-10-02
104478,A0079,25.43,2024-10-04
104479,A0145,4195.50,2024-11-17
104480,A0045,4506.51,2024-10-25
104481,A0047,3337.99,2024-12-08
104482,A0025,1145.90,2024-12-27
104483,A0096,4785.72,2024-12-13
104484,A0181,928.61,2024-10-23
104485,A0210,2660.86,2024-11-26
104486,A0240,160.07,2024-12-08
104487,A0241,4657.90,2024-10-16
104488,A0240,4233.07,2024-11-07
104489,A0047,566.05,2024-12-15
104490,A0026,2719.37,2024-12-03
104491,A0157,1013.71,2024-11-13
104492,A0169,4917.86,2024-12-10
104493,A0115,4361.87,2024-10-15
104494,A0087,3506.94,2024-11-01
104495,A0246,1918.28,2024-12-02
104496,A0011,988.44,2024-11-15
104497,A0236,308.35,2024-12-01
104498,A0169,4252.48,2024-12-30
104499,A0026,3957.33,2024-12-06
101465,A0137,205.66,2024-12-04
104500,A0083,477.85,2024-12-07
104501,A0137,2952.72,2024-12-06
104502,A0165,2067.66,2024-10-26
104503,A0115,1482.43,2024-10-26
104504,A0110,1536.94,2024-11-21
104505,A0126,2282.38,2024-10-04
104506,A0144,2576.50,2024-12-01
104507,A0128,3197.39,2024-11-06
104508,A0015,4042.43,2024-12-07
104509,A0243,4359.18,2024-10-12
104510,A0192,1611.19,2024-12-13
104511,A0081,2846.76,2024-10-07
104512,A0248,-2802.22,2024-11-08
104513,A0247,2018.99,2024-12-08
104514,A0176,275.91,2024-11-25
104515,A0218,3873.07,2024-10-23
104516,A0179,2668.29,2024-10-06
104517,A0118,4775.49,2024-10-24
104518,A0082,4679.51,2024-10-10
104519,A0053,3744.59,2024-12-13
104520,A0012,3358.65,2024-11-18
104521,A0030,1081.18,2024-11-07
104522,A0169,25.84,2024-11-12
104523,A0212,929.29,2024-10-30
104524,A0103,1950.21,2024-10-06
104525,A0064,818.51,2024-12-19
104526,A0237,3506.03,2024-11-24
104527,A0222,3568.23,2024-12-20
104528,A0225,1624.92,2024-12-23
104529,A0105,3863.08,2024-12-28
104530,A0106,54.62,2024-11-18
104531,A0049,1458.97,2024-12-02
104532,A0161,1329.67,2024-12-28
104533,A0197,2074.39,2024-11-27
104534,A0058,676.74,2024-10-10
104535,A0041,3343.84,2024-12-02
104536,A0084,349.65,2024-10-22
104537,A0245,4947.67,2024-12-27
104538,A0102,3749.78,2024-11-06
104539,A0220,2812.54,2024-12-12
104540,A0031,1372.00,2024-11-20
104541,A0052,4315.24,2024-10-12
104542,A0052,2909.48,2024-10-17
104543,A0121,2717.99,2024-12-01
104544,A0010,574.27,2024-11-19
104545,A0178,968.19,2024-10-09
104546,A0095,1268.47,2024-11-26
104547,A0153,3872.06,2024-10-06
104548,A0197,3476.38,2024-10-25
104549,A0082,4030.41,2024-10-06
104550,A0040,,2024-11-13
104551,A0236,4507.19,2024-10-23
104552,A0231,1836.62,2024-12-22
104553,A0040,296.84,2024-11-07
104554,A0048,2651.77,2024-12-20
104555,A0185,1019.89,2024-11-26
104556,A0018,133.69,2024-11-01
104557,A0143,3155.43,2024-10-21
104558,A0082,752.63,2024-10-08
104559,A0105,584.87,2024-12-06
104560,A0185,,2024-10-22
104561,A0095,3797.26,2024-10-05
104562,A0176,753.28,2024-10-30
104563,A0145,31.94,2024-10-08
104564,A0146,4267.16,2024-10-16
104565,A0161,4494.16,2024-10-05
104566,A0006,2956.09,2024-12-23
104567,A0240,4321.12,2024-12-13
104568,A0176,3381.55,2024-12-18
104569,A0192,2028.77,2024-10-31
104570,A0065,3581.26,2024-11-14
104571,A0236,3339.12,2024-10-20
104572,A0093,2382.43,2024-10-29
104573,A0188,758.11,2024-10-23
104574,A0226,2037.60,2024-10-21
104575,A0111,1930.78,2024-11-08
104576,A0106,755.88,2024-12-30
104577,A0059,4613.71,2024-11-21
104578,A0091,656.48,2024-10-27
104579,A0227,4939.16,2024-11-23
104580,A0114,2415.77,2024-11-19
104581,A0084,2431.16,2024-12-25
104582,A0136,2092.29,2024-10-27
104583,A0049,1290.78,2024-12-12
104584,A0187,1021.27,2024-12-24
104585,A0231,4112.07,2024-11-29
104586,A0203,2875.17,2024-11-22
104587,A0055,1966.11,2024-11-20
104588,A0139,741.98,2024-12-23
104589,A0214,2372.45,2024-12-19
104590,A0056,2161.68,2024-11-13
104591,A0169,2893.46,2024-11-19
104592,A0047,4914.21,2024-11-26
104593,A0099,125.96,2024-12-12
104594,A0191,3497.96,2024-12-27
104595,A0165,2954.64,2024-11-21
104596,A0051,3016.01,2024-10-20
104597,A0063,2157.34,2024-10-17
104598,A0081,3999.32,2024-12-18
104599,A0136,4892.71,2024-12-20
104600,A0025,-4593.32,2024-10-09
104601,A0236,-450.57,2024-10-07
104602,A0081,1739.05,2024-11-15
104603,A0246,1065.34,2024-10-28
104604,A0093,1613.50,2024-12-19
104605,A0232,4768.06,2024-11-27
104606,A0045,2491.82,2024-11-07
104607,A0144,1590.85,2024-10-21
104608,A0042,4723.87,2024-11-23
104609,A0159,621.96,2024-11-22
104610,A0161,830.84,2024-11-30
104611,A0177,3670.29,2024-11-01
104612,A0038,595.33,2024-11-26
104613,A0035,509.92,2024-11-18
104614,A0044,2479.90,2024-10-03
104615,A0210,3074.24,2024-11-16
104616,A0147,4881.81,2024-10-24
104617,A0249,2346.31,2024-12-02
104618,A0089,4963.93,2024-11-13
104619,A0018,446.69,2024-10-23
104620,A0174,708.49,2024-11-20
104621,A0240,4807.48,2024-12-25
104622,A0083,1034.53,2024-11-07
104623,A0202,3730.82,2024-10-11
104624,A0205,1860.71,2024-12-03
104625,A0152,84.65,2024-11-23
104626,A0065,887.36,2024-10-25
104627,A0134,2692.81,2024-10-04
104628,A0043,2567.96,2024-10-07
104629,A0079,3405.75,2024-11-03
104630,A0087,2354.69,2024-10-06
104631,A0195,1431.44,2024-12-24
104632,A0086,2402.69,2024-12-10
104633,A0238,165.48,2024-12-19
104634,A0005,56.98,2024-11-08
104635,A0121,1996.81,2024-11-18
104636,A0173,-2037.31,2024-11-04
104637,A0094,3654.53,2024-12-05
104638,A0109,4476.46,2024-11-22
104639,A0242,3709.18,2024-11-14
104640,A0050,3771.24,2024-12-02
104641,A0234,1477.61,2024-11-27
104642,A0207,4818.03,2024-12-25
104643,A0131,4789.54,2024-10-15
104644,A0207,121.62,2024-10-14
104645,A0096,1274.81,2024-10-09
104646,A0061,808.43,2024-10-12
104647,A0186,4529.22,2024-10-02
104648,A0223,3862.39,2024-12-19
104649,A0161,370.00,2024-11-28
104650,A0202,3309.27,2024-12-25
104651,A0015,555.86,2024-12-30
104652,A0191,728.26,2024-10-11
104653,A0244,973.94,2024-10-12
104654,A0176,21.13,2024-10-30
104655,A0021,1103.15,2024-11-19
104656,A0050,1680.84,2024-11-30
104657,A0127,4287.32,2024-12-17
104658,A0074,3703.90,2024-12-26
104659,A0016,3103.79,2024-11-26
104660,A0021,970.55,2024-10-23
104661,A0225,1037.62,2024-12-09
104662,A0180,3017.93,2024-10-16
104663,A0049,3686.05,2024-10-24
104664,A0059,4450.19,2024-10-21
104665,A0152,2070.19,2024-11-07
104666,A0164,3154.87,2024-11-06
104667,A0212,1145.30,2024-11-14
104668,A0002,3856.84,2024-12-23
104669,A0065,4670.07,2024-11-06
104670,A0016,3955.68,2024-10-09
104671,A0188,2590.57,2024-10-08
104672,A0111,3250.77,2024-10-11
104673,A0184,3534.88,2024-11-27
104674,A0173,63.90,2024-10-12
104675,A0235,1670.32,2024-11-16
104676,A0174,3660.92,2024-10-09
104677,A0215,2985.25,2024-11-10
104678,A0208,2364.42,2024-12-01
104679,A0196,1943.19,2024-12-02
104680,A0191,1644.51,2024-10-25
104681,A0011,1196.96,2024-12-28
104682,A0226,1851.18,2024-11-29
104683,A0217,1701.62,2024-11-21
104684,A0119,2431.72,2024-11-27
104685,A0193,801.50,2024-11-19
104686,A0224,2200.89,2024-10-18
104687,A0223,4133.78,2024-12-20
104688,A0004,784.20,2024-11-25
104689,A0232,4150.08,2024-10-23
104690,A0048,792.87,2024-10-28
104691,A0121,,2024-10-20
104692,A0006,1421.24,2024-12-03
104693,A0213,2057.42,2024-12-10
104694,A0125,1456.78,2024-12-17
104695,A0112,3795.42,2024-10-21
104696,A0016,2556.07,2024-11-15
104697,A0083,556.80,2024-12-30
104698,A0037,2500.28,2024-10-31
104699,A0206,2720.81,2024-10-28
104700,A0245,2183.84,2024-11-09
104701,A0162,3311.92,2024-11-09
104702,A0157,3587.43,2024-10-16
104703,A0073,3142.09,2024-11-13
104704,A0177,3800.81,2024-10-17
104705,A0122,1938.59,2024-10-09
104706,A0107,93.85,2024-11-01
104707,A0177,1099.15,2024-10-30
104708,A0081,4772.78,2024-12-21
104709,A0122,4802.10,2024-11-05
104710,A0204,2910.77,2024-11-12
104711,A0033,3662.25,2024-11-11
104712,A0249,4098.80,2024-10-30
104713,A0061,3713.50,2024-11-01
104714,A0228,2562.60,2024-10-03
104372,A0113,2470.96,2024-11-08
104715,A0025,1644.43,2024-11-19
104716,A0083,3934.16,2024-10-11
104717,A0155,2775.71,2024-11-04
104718,A0200,351.88,2024-10-25
104719,A0183,4149.59,2024-10-19
104720,A0016,1908.26,2024-11-30
104721,A0001,1293.81,2024-11-11
104722,A0124,1868.35,2024-12-11
104723,A0245,767.09,2024-11-10
104724,A0155,2542.21,2024-12-08
104725,A0166,1049.88,2024-10-25
104726,A0031,4843.89,2024-11-07
104727,A0227,3846.23,2024-10-25
104728,A0073,2745.65,2024-11-01
104729,A0180,4146.59,2024-10-02
104730,A0037,1564.30,2024-11-07
104731,A0165,-133.55,2024-11-23
104732,A0199,413.66,2024-10-19
104733,A0143,2342.91,2024-10-21
104734,A0081,3114.45,2024-10-14
104735,A0071,4913.06,2024-10-26
104736,A0073,3704.02,2024-10-21
104737,A0245,3075.84,2024-10-03
104738,A0084,650.67,2024-12-10
104739,A0081,2502.38,2024-11-18
104740,A0112,-2885.25,2024-12-22
104741,A0084,1699.08,2024-12-18
104742,A0165,4384.43,2024-11-06
104743,A0146,1699.76,2024-10-06
104744,A0186,4631.82,2024-12-31
104745,A0017,3742.65,2024-10-09
104746,A0134,734.53,2024-10-21
104747,A0024,4929.95,2024-11-16
104748,A0106,1873.13,2024-11-13
104749,A0103,3937.62,2024-12-09
104750,A0165,326.84,2024-11-20
104751,A0211,3642.63,2024-10-12
104752,A0041,4270.61,2024-10-15
104753,A0067,4000.08,2024-10-30
104754,A0175,1255.43,2024-12-11
104755,A0216,128.00,2024-12-29
104756,A0011,1183.37,2024-10-29
104757,A0040,3977.86,2024-10-18
104758,A0100,2625.50,2024-12-21
104759,A0131,3515.10,2024-11-07
104760,A0183,-2581.68,2024-12-29
104761,A0011,2176.47,2024-10-26
104762,A0059,-3092.56,2024-12-14
104763,A0180,,2024-10-11
104764,A0131,3050.17,2024-10-22
104765,A0138,2083.37,2024-10-01
104766,A0160,4799.28,2024-11-06
104767,A0131,1393.75,2024-11-19
104768,A0194,839.14,2024-12-17
104769,A0084,1344.63,2024-11-03
104770,A0074,2059.52,2024-11-27
104771,A0248,152.08,2024-12-23
104772,A0104,3523.40,2024-10-27
104773,A0100,970.05,2024-10-14
104774,A0053,3895.48,2024-10-26
104775,A0192,3984.32,2024-11-08
104776,A0055,4367.95,2024-12-15
104777,A0119,4288.94,2024-10-07
104778,A0146,3397.49,2024-11-02
104779,A0080,1137.68,2024-10-02
104780,A0221,1135.68,2024-11-12
104781,A0185,1082.88,2024-11-19
104782,A0101,3775.71,2024-12-17
104783,A0126,3953.39,2024-12-01
104784,A0204,2941.36,2024-12-25
104785,A0020,4496.03,2024-12-18
104786,A0219,563.35,2024-10-04
104787,A0003,3247.79,2024-11-05
104788,A0114,,2024-11-18
104789,A0041,3821.73,2024-10-13
104790,A0166,281.69,2024-10-25
104791,A0096,2219.60,2024-10-10
104965,A0062,4433.23,2024-11-28
104792,A0006,1468.89,2024-11-08
104793,A0031,-4040.34,2024-11-08
104794,A0239,744.64,2024-10-27
104795,A0191,631.84,2024-12-27
104796,A0239,-4157.35,2024-11-30
104797,A0023,,2024-10-31
104798,A0149,2387.79,2024-12-28
104799,A0006,2923.61,2024-12-29
104800,A0188,2953.95,2024-12-28
104801,A0102,804.70,2024-12-26
104802,A0128,-1979.79,2024-11-25
104803,A0045,4354.95,2024-10-02
104804,A0169,3024.88,2024-10-09
104805,A0182,4035.56,2024-11-06
104806,A0206,3769.95,2024-11-04
104807,A0247,128.99,2024-10-25
104808,A0208,1232.12,2024-10-01
104809,A0145,3409.82,2024-11-25
104810,A0126,2931.47,2024-10-30
104811,A0013,3752.64,2024-11-06
104812,A0095,1909.59,2024-11-28
104813,A0042,4303.90,2024-11-17
104814,A0186,3453.96,2024-12-10
104815,A0189,2836.17,2024-12-21
104816,A0149,1819.16,2024-11-21
104817,A0089,1951.92,2024-11-07
104818,A0193,775.02,2024-12-03
104819,A0093,3543.67,2024-11-25
104820,A0227,454.22,2024-10-18
104821,A0166,1745.85,2024-11-29
104822,A0221,2364.32,2024-12-27
104823,A0088,862.28,2024-12-04
104824,A0161,4815.52,2024-10-19
104825,A0162,3140.39,2024-10-21
104826,A0036,4463.20,2024-10-27
104827,A0021,4324.72,2024-11-23
104828,A0129,4618.52,2024-12-09
104829,A0148,221.08,2024-10-01
104830,A0171,1336.45,2024-10-22
104831,A0182,3879.21,2024-11-12
104832,A0188,2565.71,2024-11-17
104833,A0134,2876.46,2024-12-24
104834,A0148,4296.81,2024-11-14
104835,A0193,3932.24,2024-10-14
104836,A0117,1184.91,2024-10-20
104837,A0193,4375.39,2024-10-25
104838,A0204,,2024-12-04
104839,A0037,4194.96,2024-10-10
104840,A0062,3644.47,2024-11-21
104841,A0139,1588.84,2024-12-21
104842,A0049,507.39,2024-10-04
104843,A0031,-86.03,2024-10-27
104844,A0175,974.67,2024-10-10
104845,A0244,352.38,2024-10-16
104846,A0170,2213.06,2024-11-21
104847,A0077,56.40,2024-11-13
104848,A0078,2033.91,2024-11-24
104849,A0123,3247.69,2024-12-21
104850,A0174,3224.33,2024-12-02
104851,A0090,166.24,2024-10-04
104852,A0221,1342.03,2024-11-19
104853,A0026,3948.45,2024-11-24
104854,A0226,3611.20,2024-11-14
104855,A0126,4977.13,2024-10-04
104856,A0125,-1993.12,2024-10-12
104857,A0024,2490.69,2024-10-11
104858,A0184,1287.54,2024-12-20
104859,A0098,4836.56,2024-11-13
104860,A0121,1266.51,2024-10-05
104861,A0199,1693.78,2024-12-30
104862,A0158,4481.78,2024-11-22
104863,A0033,,2024-12-15
104864,A0008,4524.12,2024-12-04
104865,A0047,2331.09,2024-11-29
104866,A0100,1441.43,2024-12-08
104867,A0065,3428.28,2024-12-14
104868,A0126,617.92,2024-10-23
104869,A0219,4731.45,2024-10-21
104870,A0085,209.75,2024-11-24
104871,A0248,576.01,2024-10-10
104872,A0064,1044.97,2024-10-01
104873,A0207,2031.58,2024-12-23
104874,A0097,4747.95,2024-10-06
104875,A0088,1585.80,2024-12-27
104876,A0059,3060.58,2024-12-31
104877,A0243,2332.33,2024-10-15
104878,A0034,533.35,2024-12-17
104879,A0128,-2951.53,2024-11-16
104880,A0006,4165.61,2024-12-30
104881,A0095,2754.43,2024-12-21
104882,A0122,2850.42,2024-10-05
104883,A0180,1463.25,2024-11-24
104884,A0068,351.95,2024-12-25
104885,A0130,1876.07,2024-11-01
103227,A0058,,2024-10-04
104886,A0036,4754.28,2024-10-16
104887,A0147,127.40,2024-10-24
104888,A0169,3485.63,2024-12-09
104889,A0123,1958.25,2024-10-09
104890,A0150,4142.86,2024-11-22
104891,A0060,608.38,2024-10-26
104892,A0192,773.73,2024-12-29
104893,A0016,,2024-12-05
104894,A0135,,2024-12-25
104895,A0003,1395.01,2024-11-08
104896,A0082,4616.75,2024-11-01
104897,A0055,4512.94,2024-10-25
104898,A0123,3482.46,2024-10-28
104899,A0142,520.29,2024-12-21
104900,A0206,3288.44,2024-10-10
104901,A0220,767.04,2024-12-05
104902,A0018,763.32,2024-12-01
104903,A0019,2692.61,2024-12-12
104904,A0193,864.67,2024-11-22
104905,A0241,4403.81,2024-10-29
104906,A0016,4341.97,2024-11-25
104907,A0200,225.96,2024-11-20
104908,A0186,146.04,2024-11-17
104909,A0215,2049.79,2024-10-29
104910,A0123,3925.86,2024-12-18
104911,A0228,4978.52,2024-11-22
104912,A0163,3388.11,2024-10-21
104913,A0074,1266.31,2024-12-03
104914,A0154,4054.26,2024-10-04
104915,A0022,2188.94,2024-12-30
104916,A0198,4675.81,2024-12-22
104917,A0101,210.44,2024-11-05
104918,A0235,2436.35,2024-11-13
104919,A0155,1592.19,2024-11-11
103843,A0228,1405.69,2024-11-22
104920,A0243,4820.92,2024-11-30
104921,A0194,2682.41,2024-12-28
104922,A0237,3091.99,2024-12-27
104923,A0202,3174.01,2024-12-13
104924,A0024,720.67,2024-12-28
104925,A0137,2568.31,2024-12-06
104926,A0065,3232.53,2024-12-20
104927,A0224,1407.20,2024-11-06
104928,A0081,3117.54,2024-11-11
104929,A0049,4757.43,2024-11-14
104930,A0086,1607.14,2024-12-06
104931,A0068,3545.71,2024-12-16
104932,A0049,2223.18,2024-12-18
104933,A0206,4670.04,2024-12-28
104934,A0176,1547.72,2024-11-16
104935,A0083,3737.18,2024-10-27
104936,A0134,4184.97,2024-10-23
104937,A0225,615.52,2024-11-07
104938,A0154,3349.07,2024-12-21
104939,A0228,4354.63,2024-12-22
104940,A0063,4245.51,2024-11-20
104941,A0239,2540.35,2024-12-12
104942,A0038,2407.89,2024-11-02
104943,A0032,3178.10,2024-11-18
104944,A0101,4264.06,2024-10-01
101252,A0209,2435.15,2024-10-23
104945,A0240,349.89,2024-11-02
104946,A0240,4865.37,2024-12-10
104947,A0131,3060.65,2024-12-12
104948,A0014,2205.59,2024-11-24
104949,A0153,3294.11,2024-10-14
104950,A0081,2498.54,2024-10-16
104951,A0093,733.57,2024-10-07
104952,A0072,216.13,2024-10-14
104953,A0033,2876.67,2024-10-13
104954,A0109,4854.58,2024-10-27
104955,A0146,210.38,2024-10-08
104956,A0160,52.67,2024-11-05
104957,A0060,1490.96,2024-10-29
104958,A0193,3242.73,2024-11-04
104959,A0216,4865.61,2024-10-31
104960,A0150,-796.36,2024-11-10
104961,A0207,3997.91,2024-11-19
104962,A0005,1066.04,2024-10-21
104963,A0158,479.03,2024-11-04
104964,A0025,4245.37,2024-11-01
104965,A0062,4433.23,2024-11-28
104966,A0045,3197.09,2024-10-29
104967,A0062,1466.23,2024-12-25
104968,A0221,1618.39,2024-12-16
104969,A0055,4455.29,2024-10-30
104970,A0105,527.21,2024-12-31
104971,A0190,2329.53,2024-11-19
104972,A0098,4460.52,2024-10-03
104973,A0053,2838.78,2024-12-26
104974,A0225,2577.97,2024-12-07
104975,A0128,1795.57,2024-12-04
104976,A0114,3228.71,2024-12-17
104977,A0181,1078.25,2024-10-10
104978,A0175,3151.72,2024-11-18
104979,A0054,883.80,2024-10-28
104980,A0071,1648.37,2024-11-01
104981,A0060,3749.31,2024-11-18
104982,A0246,3149.01,2024-10-04
104983,A0063,3600.19,2024-12-22
104984,A0183,3658.33,2024-10-03
104985,A0093,2039.79,2024-11-18
104986,A0186,108.44,2024-11-27
104987,A0112,4767.76,2024-11-02
104988,A0094,1826.72,2024-11-03
104989,A0057,2509.87,2024-12-14
104990,A0136,3382.70,2024-10-26
104991,A0098,-4435.96,2024-11-16
104992,A0024,252.54,2024-12-30
104993,A0158,4802.69,2024-12-29
104994,A0021,2899.39,2024-12-07
104995,A0039,4887.41,2024-11-07
104996,A0072,743.57,2024-10-24
104997,A0043,1202.08,2024-12-06
104998,A0024,351.11,2024-12-19
104999,A0201,274.39,2024-10-23
105000,A0242,1512.22,2024-11-24
